Ticker,StartDate,EndDate,Superperformance,Drawdowns,Continuation,TotalGain,DurationDays
VOYG,"Jun 10, 2025","Sep 5, 2025",Yes,none,none,+Inf,87
ASTI,"Jan 27, 2022","May 2, 2022",Yes,none,none,806351.61,95
DBD,"Aug 11, 2023","Nov 13, 2023",Yes,none,none,109296.55,94
FLYE,"Mar 20, 2019","Aug 5, 2020",Yes,none,none,99900.00,504
MULN,"May 30, 2025","Sep 3, 2025",Yes,none,none,35347.26,96
KPTI,"Feb 25, 2025","May 29, 2025",Yes,none,none,27954.05,93
ASTI,"Aug 14, 2023","Dec 12, 2023",Yes,none,Yes,21380.87,120
CEAD,"Jan 25, 2022","May 11, 2022",Yes,"Jan 26, 2022",Yes,18233.33,106
XTIA,"Oct 28, 2024","Apr 11, 2025",Yes,none,Yes,17193.96,165
MULN,"Nov 29, 2023","Mar 21, 2024",Yes,none,Yes,15483.33,113
SINT,"Oct 17, 2022","Mar 22, 2023",Yes,none,Yes,14776.85,156
SINT,"May 24, 2024","Aug 27, 2024",Yes,none,none,14657.42,95
KSCP,"Jul 9, 2024","Feb 10, 2025",Yes,"Jul 18, 2024",Yes,11955.36,216
MRKR,"Jan 20, 2023","Apr 28, 2023",Yes,"Jan 24, 2023",Yes,10349.10,98
UXIN,"Oct 25, 2022","Jan 27, 2023",Yes,none,Yes,10177.78,94
CRCL,"Jun 14, 2018","Nov 7, 2018",Yes,none,none,9900.00,146
RSLS,"Sep 9, 2024","Dec 23, 2024",Yes,none,Yes,9729.74,105
SYTA,"Jun 27, 2023","Nov 14, 2023",Yes,none,Yes,9325.93,140
MDCX,"Oct 26, 2016","Feb 3, 2017",Yes,none,none,8650.00,100
AGRI,"Oct 2, 2024","Mar 6, 2025",Yes,none,Yes,8631.81,155
NUKK,"Dec 12, 2023","Mar 26, 2024",Yes,none,Yes,8440.00,105
CISS,"Apr 11, 2024","Jul 12, 2024",Yes,none,none,7964.52,92
SILO,"Jul 11, 2022","Dec 19, 2022",Yes,"Jul 14, 2022; Jul 22, 2022",Yes,7268.85,161
ANY,"Jun 16, 2023","Oct 13, 2023",Yes,"Jun 23, 2023",Yes,6918.78,119
AREB,"Nov 11, 2021","May 10, 2022",Yes,none,Yes,6620.00,180
NXU,"Oct 12, 2023","Mar 27, 2024",Yes,none,Yes,6087.38,167
SMX,"May 14, 2024","Oct 16, 2024",Yes,"May 16, 2024",Yes,5975.00,155
LNZA,"Mar 28, 2025","Sep 5, 2025",Yes,none,Yes,5875.65,161
ASTI,"Jun 18, 2024","Nov 19, 2024",Yes,none,Yes,5531.56,154
MNTS,"Aug 22, 2023","Nov 30, 2023",Yes,none,none,5315.87,100
GWAV,"Jun 24, 2025","Sep 5, 2025",Yes,"Jul 10, 2025",Yes,4968.29,73
BTOG,"May 25, 2023","Aug 29, 2023",Yes,none,none,4942.02,96
EZGO,"Jan 11, 2024","Jul 12, 2024",Yes,"Jan 12, 2024",Yes,4893.43,183
NVVE,"Nov 22, 2023","Apr 23, 2024",Yes,none,Yes,4746.67,153
LGHL,"Feb 18, 2025","Jun 26, 2025",Yes,none,Yes,4588.40,128
MULN,"Aug 19, 2024","Dec 17, 2024",Yes,none,Yes,4172.02,120
PRSO,"Nov 6, 2023","Apr 3, 2024",Yes,none,Yes,4139.95,149
RIME,"Jan 8, 2025","May 9, 2025",Yes,none,Yes,4127.13,121
BTX,"Oct 13, 2022","May 9, 2023",Yes,none,none,4105.88,208
GDHG,"Aug 1, 2024","Dec 20, 2024",Yes,none,Yes,3909.85,141
SGBX,"Feb 7, 2024","Aug 2, 2024",Yes,none,Yes,3561.42,177
SNPX,"Jan 8, 2024","Jul 8, 2024",Yes,none,Yes,3348.14,182
SPRC,"Apr 22, 2025","Sep 5, 2025",Yes,"Apr 25, 2025",Yes,3275.69,136
SCLX,"Apr 1, 2025","Jul 15, 2025",Yes,none,Yes,3265.64,105
ADIL,"Jul 10, 2023","Nov 6, 2023",Yes,none,Yes,2899.54,119
GXAI,"Feb 14, 2024","Jun 12, 2024",Yes,none,Yes,2879.85,119
BBLG,"Mar 27, 2023","Sep 6, 2023",Yes,"Mar 31, 2023",Yes,2770.83,163
MLGO,"Jul 2, 2025","Sep 5, 2025",Yes,"Jul 7, 2025",Yes,2750.00,65
SDRL,"Dec 17, 2021","Dec 14, 2022",Yes,none,none,2711.89,362
SLRX,"Sep 1, 2022","Jan 17, 2023",Yes,"Sep 6, 2022",Yes,2687.39,138
SISI,"Feb 13, 2024","May 21, 2024",Yes,none,none,2685.18,98
SHFS,"Mar 21, 2025","Jun 23, 2025",Yes,none,none,2547.64,94
ORC,"Jun 17, 2022","Nov 30, 2022",Yes,"Aug 22, 2022",Yes,2455.56,166
LTRY,"May 23, 2023","Nov 10, 2023",Yes,none,Yes,2383.33,171
LGMK,"Nov 4, 2024","Feb 18, 2025",Yes,none,Yes,2316.05,106
OP,"May 31, 2023","Sep 7, 2023",Yes,none,none,2291.91,99
PHUN,"Oct 6, 2021","Jan 21, 2022",Yes,none,Yes,2233.98,107
SGD,"Aug 12, 2024","Jan 14, 2025",Yes,none,Yes,2231.57,155
PSTV,"Apr 25, 2023","Aug 10, 2023",Yes,"Apr 28, 2023",none,2213.64,107
GV,"Apr 29, 2024","Sep 6, 2024",Yes,"May 6, 2024",Yes,2182.34,130
ZJYL,"Sep 12, 2023","Mar 18, 2024",Yes,"Sep 22, 2023; Sep 28, 2023; Oct 2, 2023; Oct 4, 2023",Yes,2155.06,188
NVNI,"Oct 28, 2024","Mar 21, 2025",Yes,"Nov 4, 2024; Nov 7, 2024",Yes,2146.59,144
ZEPP,"Aug 5, 2024","Dec 30, 2024",Yes,"Aug 20, 2024; Aug 27, 2024; Sep 6, 2024",Yes,2090.00,147
ROOT,"Jul 13, 2022","Nov 16, 2022",Yes,"Aug 2, 2022",Yes,2060.03,126
BMR,"Dec 28, 2023","May 13, 2024",Yes,none,Yes,2030.49,137
TWO,"Oct 11, 2022","Mar 17, 2023",Yes,none,Yes,2015.58,157
XTKG,"Nov 1, 2024","Feb 21, 2025",Yes,"Nov 6, 2024",Yes,1957.69,112
SXTC,"Dec 5, 2024","May 27, 2025",Yes,none,Yes,1947.00,173
LGMK,"Jan 19, 2023","Jul 25, 2023",Yes,none,Yes,1799.52,187
GWAV,"Mar 15, 2024","Sep 3, 2024",Yes,none,Yes,1795.21,172
WKHS,"Jun 14, 2024","Sep 16, 2024",Yes,none,none,1786.67,94
AEI,"Nov 17, 2022","May 5, 2023",Yes,"Nov 22, 2022; Nov 28, 2022",Yes,1670.00,169
RGTI,"Oct 10, 2024","Apr 7, 2025",Yes,"Oct 16, 2024; Oct 18, 2024; Oct 23, 2024; Oct 28, 2024",Yes,1655.74,179
GOVX,"Jan 30, 2024","May 1, 2024",Yes,none,none,1632.00,92
HUBCZ,"Aug 19, 2024","May 7, 2025",Yes,none,Yes,1606.00,261
PGY,"Dec 8, 2023","Jun 7, 2024",Yes,none,Yes,1594.92,182
SGD,"Nov 8, 2023","Feb 16, 2024",Yes,none,Yes,1594.16,100
GDHG,"Dec 30, 2024","Aug 8, 2025",Yes,none,Yes,1575.96,221
QH,"May 5, 2022","Nov 11, 2022",Yes,none,Yes,1563.16,190
WORX,"Sep 26, 2023","Jan 10, 2024",Yes,none,none,1427.62,106
NITO,"Dec 18, 2024","Apr 4, 2025",Yes,none,Yes,1415.41,107
SLNO,"Jun 28, 2022","Dec 1, 2022",Yes,"Jun 29, 2022; Jul 11, 2022",Yes,1400.00,156
WTW,"Dec 17, 2021","Mar 21, 2022",Yes,none,none,1398.38,94
WKHS,"Mar 13, 2025","Jun 16, 2025",Yes,none,none,1387.69,95
GSAT,"Oct 24, 2024","May 13, 2025",Yes,"Nov 1, 2024; Nov 13, 2024",Yes,1358.92,201
ABVX,"Feb 4, 2025","Sep 5, 2025",Yes,"Mar 10, 2025; Jun 11, 2025",Yes,1314.16,213
OP,"Dec 20, 2022","Mar 23, 2023",Yes,none,Yes,1285.09,93
BSLK,"Nov 20, 2024","Jul 23, 2025",Yes,"Nov 21, 2024",Yes,1282.91,245
LAZR,"Nov 4, 2024","Feb 20, 2025",Yes,none,Yes,1274.39,108
SLNO,"Sep 7, 2023","Apr 11, 2024",Yes,"Sep 20, 2023",Yes,1259.06,217
WHLR,"May 14, 2024","Sep 27, 2024",Yes,none,Yes,1234.82,136
CEAD,"May 7, 2025","Aug 13, 2025",Yes,none,none,1232.48,98
GCTK,"Mar 29, 2023","Jul 10, 2023",Yes,none,Yes,1226.03,103
SONM,"Sep 15, 2021","Dec 17, 2021",Yes,none,none,1169.12,93
NCNA,"Mar 8, 2024","Jul 16, 2024",Yes,none,Yes,1123.81,130
INTZ,"Nov 7, 2024","Mar 31, 2025",Yes,none,Yes,1123.33,144
BZFD,"Feb 5, 2024","Aug 21, 2024",Yes,"Feb 13, 2024; Apr 4, 2024",Yes,1116.00,198
SNDL,"Jul 14, 2022","Nov 14, 2022",Yes,"Jul 22, 2022",none,1107.20,123
AXDX,"Jun 8, 2023","Oct 11, 2023",Yes,none,Yes,1094.52,125
GRYP,"Apr 21, 2025","Aug 11, 2025",Yes,none,Yes,1044.53,112
SBET,"Dec 13, 2022","Aug 4, 2023",Yes,"Dec 15, 2022",Yes,1036.79,234
MULN,"Dec 30, 2024","May 20, 2025",Yes,none,Yes,1033.22,141
SNGX,"Sep 30, 2022","May 15, 2023",Yes,"Nov 22, 2022",Yes,1017.31,227
APM,"Nov 27, 2024","Apr 1, 2025",Yes,"Dec 2, 2024; Dec 4, 2024; Dec 16, 2024",none,1014.57,125
STKH,"Apr 2, 2024","Jul 8, 2024",Yes,none,none,997.96,97
PROK,"Apr 9, 2025","Sep 5, 2025",Yes,none,Yes,996.92,149
JNVR,"Mar 7, 2025","Jul 3, 2025",Yes,"Mar 17, 2025; Mar 28, 2025",Yes,959.21,118
APM,"Oct 25, 2022","Apr 21, 2023",Yes,"Oct 26, 2022; Oct 28, 2022",Yes,957.77,178
PAVM,"Aug 11, 2023","Apr 1, 2024",Yes,"Aug 15, 2023; Sep 7, 2023",Yes,952.13,234
XHG,"May 30, 2024","Mar 20, 2025",Yes,none,Yes,932.26,294
APM,"Dec 19, 2023","Jun 5, 2024",Yes,none,Yes,928.82,169
NOTE,"Jun 30, 2025","Sep 5, 2025",Yes,"Jul 1, 2025; Jul 7, 2025",Yes,920.07,67
SLDB,"May 25, 2022","Dec 12, 2022",Yes,"May 27, 2022; Jun 10, 2022; Jul 13, 2022; Jul 28, 2022; Aug 16, 2022",Yes,910.14,201
LPTX,"Apr 24, 2023","Sep 19, 2023",Yes,"May 4, 2023; May 16, 2023; May 22, 2023",Yes,907.25,148
NRXP,"Sep 8, 2023","Jul 12, 2024",Yes,"Sep 15, 2023; Oct 4, 2023; Oct 25, 2023; Nov 9, 2023; Dec 5, 2023; Dec 18, 2023; Jan 5, 2024; Feb 16, 2024; Mar 8, 2024",Yes,900.00,308
FLYE,"Feb 3, 2021","May 12, 2021",Yes,none,none,900.00,98
FLYE,"Oct 2, 2020","Jan 8, 2021",Yes,none,none,900.00,98
TCRT,"Jul 10, 2024","Oct 17, 2024",Yes,none,none,899.64,99
BNZI,"Jun 13, 2025","Sep 5, 2025",Yes,none,Yes,897.44,84
LUNR,"Feb 14, 2023","May 24, 2023",Yes,none,Yes,892.70,99
SLRX,"Apr 16, 2025","Sep 5, 2025",Yes,"Apr 30, 2025",Yes,879.31,142
CADL,"Jan 29, 2024","Aug 15, 2024",Yes,"Feb 9, 2024; Feb 13, 2024; Mar 4, 2024",Yes,866.22,199
SUGP,"Apr 25, 2025","Sep 5, 2025",Yes,"May 1, 2025; May 6, 2025; May 12, 2025; May 14, 2025",Yes,865.75,133
PROP,"Dec 17, 2020","Jul 19, 2021",Yes,none,Yes,857.45,214
AIRE,"Oct 23, 2023","Jan 23, 2024",Yes,none,none,856.15,92
AIHS,"Feb 22, 2022","Jul 6, 2022",Yes,"Feb 23, 2022",Yes,850.00,134
RGLS,"Feb 24, 2022","Oct 14, 2022",Yes,"Feb 25, 2022; Mar 2, 2022; Mar 8, 2022; Mar 11, 2022; Apr 4, 2022",Yes,835.94,232
IXHL,"Mar 7, 2022","Jun 13, 2022",Yes,"Mar 8, 2022",none,818.75,98
PTPI,"Apr 22, 2025","Jul 30, 2025",Yes,none,Yes,798.94,99
MNDR,"Feb 3, 2025","Jun 6, 2025",Yes,"Feb 12, 2025; Feb 18, 2025",Yes,792.61,123
FLYE,"Jun 2, 2025","Sep 5, 2025",Yes,"Jun 13, 2025; Jun 17, 2025; Jun 24, 2025",Yes,785.02,95
VRAX,"Oct 27, 2023","Mar 27, 2024",Yes,"Nov 7, 2023; Nov 17, 2023",Yes,780.95,152
AREB,"Jun 20, 2024","Jan 2, 2025",Yes,none,Yes,764.65,196
SONM,"Apr 25, 2024","Oct 22, 2024",Yes,"May 15, 2024; Jun 14, 2024; Jun 18, 2024",Yes,759.69,180
RMTI,"May 10, 2022","Aug 15, 2022",Yes,"May 11, 2022",Yes,755.24,97
GTI,"Dec 20, 2024","Mar 31, 2025",Yes,none,Yes,748.34,101
SONN,"Mar 15, 2023","Dec 1, 2023",Yes,"Jun 14, 2023",Yes,742.11,261
LYT,"Nov 14, 2023","Jun 6, 2024",Yes,none,Yes,738.81,205
BENFW,"Jan 9, 2024","Aug 2, 2024",Yes,"Jan 19, 2024",Yes,723.29,206
ASNS,"Apr 16, 2024","Sep 4, 2024",Yes,"Apr 30, 2024",Yes,721.43,141
SYTA,"Nov 4, 2024","Apr 8, 2025",Yes,"Nov 15, 2024",Yes,714.05,155
EJH,"Mar 28, 2023","Jul 14, 2023",Yes,none,Yes,672.99,108
ORIS,"Oct 17, 2024","Mar 6, 2025",Yes,none,Yes,668.31,140
AREB,"Jan 3, 2025","Jul 7, 2025",Yes,none,Yes,648.75,185
DUO,"Jun 30, 2023","Nov 3, 2023",Yes,none,Yes,635.37,126
IPDN,"Feb 19, 2025","Jun 13, 2025",Yes,"Feb 20, 2025; Feb 24, 2025",Yes,619.51,114
ZH,"Apr 22, 2024","Aug 16, 2024",Yes,none,none,618.19,116
GCTK,"Feb 14, 2024","Aug 30, 2024",Yes,"Feb 16, 2024; Feb 29, 2024; Mar 22, 2024; Apr 5, 2024; Apr 9, 2024",Yes,616.02,198
SDRL,"Jun 2, 2021","Oct 14, 2021",Yes,none,none,612.71,134
YHC,"Dec 16, 2024","Sep 5, 2025",Yes,none,Yes,609.55,263
CHSN,"Sep 11, 2024","Jan 3, 2025",Yes,"Sep 13, 2024; Sep 20, 2024",none,606.82,114
MKDW,"Apr 4, 2025","Jul 7, 2025",Yes,none,none,605.88,94
BENF,"May 2, 2024","Aug 2, 2024",Yes,none,none,598.92,92
CARM,"Apr 9, 2025","Sep 5, 2025",Yes,"Apr 17, 2025; Apr 29, 2025",Yes,595.51,149
LITM,"Oct 24, 2024","Mar 28, 2025",Yes,"Oct 28, 2024",Yes,583.64,155
UXIN,"Dec 20, 2023","Apr 17, 2024",Yes,"Dec 26, 2023",Yes,580.96,119
PTPI,"Apr 4, 2023","Jul 20, 2023",Yes,none,Yes,576.60,107
NXTT,"Feb 20, 2025","Aug 11, 2025",Yes,none,Yes,574.06,172
NVDS,"Mar 8, 2024","Jul 19, 2024",Yes,"Mar 25, 2024",none,566.70,133
IXHL,"Nov 17, 2023","Mar 5, 2024",Yes,none,Yes,546.94,109
BAOS,"Jan 4, 2023","Aug 1, 2023",Yes,"Jan 12, 2023",Yes,538.36,209
CAR,"Sep 13, 2021","Feb 1, 2022",Yes,none,none,536.22,141
RGC,"Mar 8, 2024","Oct 22, 2024",Yes,none,Yes,536.08,228
ZAPPW,"Dec 6, 2023","Sep 12, 2024",Yes,"Dec 11, 2023; Dec 26, 2023; Dec 28, 2023",Yes,530.63,281
STKH,"Apr 23, 2025","Aug 5, 2025",Yes,none,none,528.76,104
MDCX,"Feb 6, 2017","Jun 6, 2017",Yes,none,Yes,525.00,120
BAOS,"Sep 9, 2024","Mar 25, 2025",Yes,"Sep 23, 2024; Oct 1, 2024",Yes,520.91,197
DISTW,"Jul 7, 2023","Oct 18, 2023",Yes,none,Yes,516.67,103
PRFX,"Jun 30, 2023","Oct 10, 2023",Yes,none,Yes,509.93,102
OPEN,"Jun 26, 2025","Sep 5, 2025",Yes,"Jul 8, 2025; Jul 10, 2025; Jul 16, 2025",Yes,506.19,71
AIFF,"Jan 13, 2025","May 15, 2025",Yes,none,Yes,503.51,122
HCWB,"Oct 8, 2024","Feb 18, 2025",Yes,none,Yes,500.00,133
LXEH,"Apr 25, 2023","Aug 1, 2023",Yes,none,Yes,496.45,98
BTOG,"Feb 28, 2025","Jun 2, 2025",Yes,none,none,495.16,94
QH,"Jun 18, 2025","Sep 5, 2025",Yes,"Jul 3, 2025; Jul 14, 2025",Yes,493.08,79
NCMI,"Mar 17, 2023","Jul 12, 2023",Yes,none,Yes,490.91,117
TTEK,"Jul 19, 2024","Dec 6, 2024",Yes,none,none,484.60,140
WKSP,"Dec 26, 2024","Jun 18, 2025",Yes,"Dec 31, 2024",Yes,479.90,174
ZENA,"Oct 10, 2024","Feb 25, 2025",Yes,none,Yes,473.61,138
NNE,"May 8, 2024","Sep 24, 2024",Yes,none,Yes,470.78,139
OTRK,"Jun 1, 2023","Oct 27, 2023",Yes,"Jun 22, 2023",Yes,464.58,148
RVYL,"Jun 20, 2023","Dec 7, 2023",Yes,none,Yes,462.18,170
HWH,"Jun 2, 2025","Sep 5, 2025",Yes,"Jun 16, 2025; Jul 11, 2025; Jul 23, 2025",Yes,458.99,95
CXAI,"Mar 15, 2023","Jul 14, 2023",Yes,none,Yes,457.03,121
OCEA,"Dec 7, 2023","Jun 4, 2024",Yes,none,Yes,456.43,180
BW,"Apr 1, 2025","Sep 5, 2025",Yes,"Apr 2, 2025",Yes,451.58,157
PRFX,"Aug 15, 2024","Mar 20, 2025",Yes,none,Yes,445.25,217
TRIB,"Nov 17, 2023","Apr 9, 2024",Yes,"Feb 1, 2024",Yes,441.55,144
LGVN,"Nov 17, 2021","Feb 23, 2022",Yes,none,Yes,441.50,98
QH,"Jul 8, 2024","Dec 11, 2024",Yes,none,Yes,440.45,156
BAOS,"Apr 21, 2025","Aug 11, 2025",Yes,"Apr 25, 2025",none,438.96,112
VRAX,"May 3, 2024","Nov 18, 2024",Yes,"May 7, 2024; May 9, 2024; May 24, 2024",Yes,432.54,199
SNTG,"Nov 20, 2023","Apr 1, 2024",Yes,none,Yes,430.45,133
GAME,"Dec 8, 2022","Jul 11, 2023",Yes,none,Yes,429.38,215
ADD,"May 23, 2024","Feb 14, 2025",No,"Aug 12, 2024",Yes,428.46,267
GME,"Jul 7, 2022","Oct 20, 2022",Yes,none,none,425.41,105
EJH,"Dec 17, 2024","Aug 29, 2025",No,"Dec 19, 2024; Apr 7, 2025",Yes,422.62,255
AMC,"May 31, 2023","Nov 24, 2023",Yes,"Jun 22, 2023",Yes,422.01,177
ANET,"Sep 9, 2024","Mar 4, 2025",Yes,none,none,421.91,176
STSSW,"Jun 10, 2025","Sep 5, 2025",Yes,none,Yes,414.29,87
GELS,"Apr 9, 2025","Jul 22, 2025",Yes,"Apr 11, 2025",none,413.75,104
EPWK,"Feb 14, 2025","Aug 1, 2025",Yes,"Apr 9, 2025",Yes,409.80,168
GCTS,"Mar 27, 2024","Jun 27, 2024",Yes,none,none,408.47,92
PSNYW,"Aug 23, 2024","Dec 3, 2024",Yes,"Aug 27, 2024",none,407.33,102
SLRX,"Dec 18, 2024","Apr 14, 2025",Yes,"Dec 19, 2024; Dec 26, 2024",none,407.04,117
OPTX,"Sep 26, 2024","Mar 18, 2025",Yes,none,Yes,405.55,173
TRIB,"Jun 20, 2025","Sep 5, 2025",Yes,"Jun 24, 2025",Yes,403.25,77
PTIX,"Apr 1, 2025","Aug 18, 2025",Yes,none,Yes,402.82,139
SNTG,"Mar 20, 2023","Jul 31, 2023",Yes,none,Yes,398.96,133
ANY,"Dec 1, 2023","Mar 27, 2024",Yes,"Dec 4, 2023",Yes,398.78,117
XPON,"Apr 10, 2025","Sep 5, 2025",Yes,"Apr 21, 2025; May 6, 2025",Yes,395.50,148
DBRG,"Jun 14, 2022","Nov 22, 2022",Yes,none,none,394.31,161
SNGX,"Aug 17, 2023","Feb 29, 2024",Yes,none,Yes,392.61,196
PSTV,"Mar 4, 2025","Jun 6, 2025",Yes,none,Yes,391.49,94
MULN,"Jun 15, 2023","Nov 10, 2023",Yes,"Jun 16, 2023",Yes,390.91,148
STSSW,"Dec 24, 2024","Jun 9, 2025",Yes,none,Yes,389.66,167
HWH,"Aug 8, 2024","May 28, 2025",No,none,Yes,388.25,293
BSLKW,"May 29, 2025","Sep 5, 2025",Yes,none,Yes,386.60,99
KSCP,"Jun 26, 2023","Oct 13, 2023",Yes,none,Yes,381.72,109
LU,"Dec 7, 2023","Mar 14, 2024",Yes,none,none,380.15,98
VTYX,"Jan 19, 2024","Jun 7, 2024",Yes,"Feb 20, 2024",Yes,378.33,140
RENB,"Oct 9, 2024","Mar 10, 2025",Yes,"Oct 11, 2024",Yes,376.73,152
SANA,"Dec 31, 2024","Apr 9, 2025",Yes,none,none,374.03,99
XTIA,"Apr 22, 2025","Sep 5, 2025",Yes,"Apr 30, 2025; May 15, 2025; May 30, 2025",none,373.25,136
DISTW,"Mar 1, 2024","Jul 30, 2024",Yes,none,Yes,367.97,151
OP,"Jun 13, 2025","Sep 5, 2025",Yes,none,none,365.97,84
PPBT,"Oct 8, 2024","Mar 3, 2025",Yes,"Oct 21, 2024",Yes,365.00,146
UBXG,"May 22, 2024","Nov 20, 2024",Yes,"May 23, 2024; May 29, 2024; Jun 5, 2024; Jun 10, 2024",Yes,363.87,182
WORX,"Jun 2, 2023","Sep 15, 2023",Yes,none,Yes,363.77,105
NUKK,"Sep 18, 2024","Mar 20, 2025",Yes,none,Yes,363.43,183
SONN,"Mar 31, 2025","Sep 5, 2025",Yes,none,Yes,360.62,158
HUBCZ,"Mar 15, 2023","Jun 20, 2023",Yes,none,none,360.00,97
SITC,"May 29, 2024","Nov 18, 2024",Yes,none,none,359.77,173
PLCE,"Feb 7, 2024","May 16, 2024",Yes,none,Yes,358.19,99
LZMH,"Feb 27, 2025","Aug 28, 2025",Yes,"Feb 28, 2025; Mar 6, 2025",Yes,354.67,182
RVPH,"Jul 22, 2024","Mar 10, 2025",Yes,"Jul 23, 2024; Jul 30, 2024",Yes,350.53,231
AERT,"Dec 16, 2024","Mar 31, 2025",Yes,"Dec 19, 2024",none,350.25,105
SNGX,"Apr 12, 2024","Oct 8, 2024",Yes,none,Yes,349.39,179
LTRY,"Nov 13, 2023","Mar 21, 2024",Yes,none,Yes,349.36,129
STSS,"May 2, 2024","Aug 27, 2024",Yes,none,Yes,348.48,117
BTCM,"Jun 23, 2025","Sep 5, 2025",Yes,none,none,345.85,74
MDCX,"Jun 7, 2017","Oct 25, 2017",Yes,"Jun 9, 2017",Yes,344.44,140
VEEA,"Sep 17, 2024","Dec 18, 2024",Yes,none,none,341.90,92
OCEA,"Feb 9, 2023","May 25, 2023",Yes,none,Yes,341.84,105
ONVO,"Feb 4, 2025","May 7, 2025",Yes,none,Yes,341.49,92
AIRE,"Nov 26, 2024","Mar 27, 2025",Yes,"Nov 27, 2024",none,340.20,121
QH,"Mar 21, 2023","Jul 31, 2023",Yes,none,none,338.67,132
OMEX,"Apr 14, 2025","Jul 28, 2025",Yes,none,Yes,338.16,105
NYMT,"Mar 8, 2023","May 24, 2023",Yes,none,none,337.55,77
SBET,"Mar 31, 2025","Aug 29, 2025",Yes,none,Yes,335.51,151
KSCP,"Jan 28, 2022","May 2, 2022",Yes,none,none,334.44,94
TELO,"Feb 9, 2024","May 15, 2024",Yes,none,none,334.38,96
NA,"Jan 11, 2024","May 13, 2024",Yes,none,Yes,331.82,123
TGL,"Aug 16, 2024","Nov 19, 2024",Yes,none,none,331.39,95
CORZW,"Jun 27, 2022","Nov 15, 2022",Yes,none,Yes,330.89,141
NRSN,"Feb 24, 2022","Jun 21, 2022",Yes,none,Yes,330.53,117
PLRZ,"Oct 29, 2024","Mar 19, 2025",Yes,none,Yes,328.57,141
CGBS,"Dec 4, 2024","Apr 3, 2025",Yes,none,Yes,328.08,120
IVP,"Oct 18, 2024","Jan 21, 2025",Yes,none,none,327.96,95
SIDU,"Dec 12, 2023","Apr 9, 2024",Yes,"Dec 15, 2023",Yes,327.44,119
INVZ,"Nov 18, 2024","Apr 8, 2025",Yes,"Nov 25, 2024; Dec 3, 2024; Dec 10, 2024; Dec 12, 2024",none,327.15,141
TIGR,"Aug 5, 2024","Jan 6, 2025",Yes,"Sep 6, 2024",none,327.14,154
RNXT,"Oct 31, 2023","Apr 1, 2024",Yes,"Nov 1, 2023",Yes,327.12,153
SRFM,"Jun 24, 2025","Sep 5, 2025",Yes,none,Yes,325.32,73
PWM,"Jul 6, 2023","Oct 10, 2023",Yes,none,Yes,323.94,96
SILO,"Dec 16, 2024","Apr 9, 2025",Yes,"Dec 17, 2024",none,321.25,114
MBOT,"May 11, 2023","Aug 21, 2023",Yes,none,none,320.18,102
XHG,"Apr 3, 2025","Aug 12, 2025",Yes,none,Yes,319.48,131
SGBX,"Nov 11, 2024","Apr 16, 2025",Yes,none,Yes,317.39,156
GXAI,"Jul 5, 2024","Mar 11, 2025",Yes,none,Yes,316.67,249
BSGM,"Feb 24, 2025","Sep 5, 2025",Yes,"Feb 25, 2025; May 7, 2025; May 22, 2025",Yes,315.00,193
OPTX,"Jun 7, 2024","Sep 25, 2024",Yes,"Jun 10, 2024",Yes,313.30,110
AVTX,"Dec 27, 2023","Jun 27, 2024",Yes,none,Yes,312.20,183
QSG,"May 19, 2023","Aug 23, 2023",Yes,none,none,311.79,96
RGTIW,"May 12, 2023","Oct 31, 2023",Yes,"May 15, 2023",Yes,306.78,172
SPRC,"Dec 24, 2024","Apr 7, 2025",Yes,none,Yes,306.73,104
NA,"May 28, 2025","Sep 5, 2025",Yes,none,Yes,306.19,100
INTS,"Sep 25, 2023","Mar 8, 2024",Yes,"Oct 2, 2023",Yes,305.67,165
BMR,"Mar 16, 2023","Aug 24, 2023",Yes,none,Yes,300.00,161
CRCL,"Nov 15, 2017","Apr 10, 2018",Yes,none,Yes,300.00,146
TDACW,"Mar 9, 2020","Sep 10, 2020",No,none,Yes,298.61,185
SLRX,"Jul 2, 2024","Oct 22, 2024",No,"Jul 9, 2024",Yes,297.79,112
PMN,"Apr 11, 2025","Sep 5, 2025",No,none,Yes,297.50,147
NLY,"Sep 22, 2022","Dec 23, 2022",No,none,none,297.26,92
YOSH,"Oct 26, 2023","Feb 28, 2024",No,none,Yes,296.00,125
PHH,"May 16, 2025","Sep 5, 2025",No,none,Yes,295.66,112
QSG,"Jun 18, 2024","Jan 6, 2025",No,"Aug 13, 2024; Sep 16, 2024",none,293.67,202
AGRI,"Oct 14, 2021","Jan 26, 2022",No,none,none,292.86,104
NDAQ,"May 20, 2022","Nov 25, 2022",No,none,none,292.29,189
PSQH,"Nov 29, 2024","Mar 4, 2025",No,none,none,288.50,95
SILO,"Feb 29, 2024","Oct 17, 2024",No,"Mar 7, 2024",Yes,287.93,231
DXYZ,"Mar 26, 2024","Jul 8, 2024",No,none,Yes,287.02,104
SATL,"Nov 5, 2024","Mar 10, 2025",No,"Nov 20, 2024; Nov 22, 2024",Yes,286.62,125
UP,"Apr 12, 2023","Dec 12, 2023",No,"Apr 13, 2023",Yes,286.36,244
IBG,"Mar 13, 2025","Jul 2, 2025",No,none,Yes,286.27,111
ZJYL,"Apr 4, 2023","Sep 11, 2023",No,"Apr 20, 2023; Apr 27, 2023",Yes,285.19,160
OSRH,"Feb 18, 2025","May 21, 2025",No,none,none,284.62,92
BCAB,"Apr 27, 2022","Nov 15, 2022",No,none,Yes,284.49,202
TSLA,"Jul 19, 2022","Nov 23, 2022",No,none,none,284.38,127
MNTS,"Apr 15, 2024","Nov 22, 2024",No,"Apr 24, 2024",Yes,283.89,221
DFLIW,"Apr 8, 2025","Sep 5, 2025",No,none,Yes,281.55,150
CGBS,"Jul 10, 2024","Oct 11, 2024",No,none,none,280.34,93
TROO,"Apr 22, 2025","Sep 5, 2025",No,"May 7, 2025",Yes,279.71,136
BTX,"Apr 1, 2021","Aug 2, 2021",No,none,Yes,279.62,123
SGMO,"Jul 19, 2024","Feb 7, 2025",No,none,Yes,278.41,203
LTRY,"May 21, 2025","Aug 22, 2025",No,none,none,277.86,93
PROP,"Sep 14, 2020","Dec 15, 2020",No,none,none,276.19,92
AMC,"Apr 16, 2024","Aug 13, 2024",No,"Apr 29, 2024",Yes,275.95,119
PROP,"May 8, 2020","Sep 8, 2020",No,"Jun 1, 2020",Yes,275.00,123
SIDU,"Dec 10, 2024","Mar 18, 2025",No,none,Yes,273.17,98
ADNWW,"Apr 17, 2025","Aug 6, 2025",No,none,Yes,272.73,111
CRCL,"Nov 22, 2016","Jul 7, 2017",No,"Nov 29, 2016; Dec 1, 2016; Jan 27, 2017",Yes,272.50,227
DGHI,"Dec 30, 2022","May 1, 2023",No,"Jan 4, 2023; Jan 9, 2023; Jan 12, 2023",Yes,270.77,122
GOVX,"Jun 18, 2024","Nov 18, 2024",No,none,Yes,270.20,153
TIVC,"Feb 10, 2025","Jul 22, 2025",No,none,Yes,269.55,162
APM,"May 1, 2023","Aug 2, 2023",No,none,none,269.29,93
TDTH,"May 8, 2025","Sep 5, 2025",No,"May 15, 2025; May 19, 2025",Yes,267.12,120
NCPL,"Apr 9, 2025","Sep 5, 2025",No,"May 6, 2025; May 30, 2025; Jun 4, 2025; Jun 9, 2025",Yes,266.11,149
VSME,"Oct 16, 2024","Jan 16, 2025",No,none,none,265.31,92
SYTA,"Oct 25, 2021","Jan 26, 2022",No,none,none,265.28,93
CHSN,"Nov 30, 2023","Mar 13, 2024",No,none,Yes,264.97,104
SIDU,"Jun 14, 2022","Sep 15, 2022",No,none,Yes,262.99,93
NUTX,"Apr 18, 2022","Jul 26, 2022",No,none,none,261.52,99
YYAI,"Feb 20, 2025","May 27, 2025",No,none,none,260.38,96
MNTSW,"Sep 3, 2024","Apr 17, 2025",No,none,Yes,258.52,226
QVCGA,"Feb 24, 2025","Sep 5, 2025",No,none,Yes,258.36,193
SGMT,"Jan 8, 2024","Apr 22, 2024",No,"Jan 11, 2024",none,257.07,105
NCNA,"Aug 14, 2024","Nov 18, 2024",No,none,none,256.87,96
MGNX,"Oct 3, 2023","Jun 5, 2024",No,"Oct 20, 2023; Nov 7, 2023; Nov 10, 2023",none,256.35,246
ASNS,"Feb 24, 2023","Aug 3, 2023",No,"Feb 27, 2023",Yes,256.33,160
DRCT,"Nov 5, 2024","Mar 25, 2025",No,"Nov 11, 2024",Yes,256.22,140
BSGM,"Oct 31, 2023","Jul 9, 2024",No,none,Yes,254.68,252
NITO,"May 1, 2025","Aug 4, 2025",No,none,Yes,254.28,95
TCRX,"May 1, 2023","Aug 8, 2023",No,"May 2, 2023",none,252.63,99
NVFY,"Nov 8, 2023","Mar 28, 2024",No,none,Yes,252.49,141
ACB,"May 8, 2020","Aug 17, 2020",No,none,Yes,251.43,101
BZFD,"Dec 29, 2022","Apr 28, 2023",No,"Jan 9, 2023",Yes,251.24,120
NMRA,"May 15, 2025","Sep 5, 2025",No,"May 23, 2025; Jun 6, 2025",Yes,250.77,113
GV,"Sep 10, 2024","Dec 12, 2024",No,none,none,249.47,93
SMCL,"Jan 2, 2025","May 21, 2025",No,none,Yes,245.88,139
MDCX,"Dec 14, 2017","Mar 19, 2018",No,none,none,245.45,95
THAR,"Oct 28, 2024","Jan 29, 2025",No,none,none,245.41,93
OTRK,"Feb 9, 2024","Jun 27, 2024",No,"Feb 12, 2024",Yes,245.16,139
CXAI,"Aug 5, 2024","Nov 12, 2024",No,none,Yes,244.95,99
HHH,"Jun 16, 2022","Sep 27, 2022",No,none,Yes,244.02,103
CWD,"May 17, 2023","Aug 17, 2023",No,none,none,243.01,92
KXIN,"May 14, 2024","Aug 16, 2024",No,none,Yes,242.74,94
WWW,"Apr 9, 2025","Sep 5, 2025",No,none,none,242.38,149
BKKT,"Oct 2, 2024","Feb 18, 2025",No,"Oct 31, 2024",Yes,242.26,139
MLGO,"Sep 11, 2023","Mar 7, 2024",No,none,Yes,242.10,178
CAR,"Apr 8, 2025","Sep 5, 2025",No,"Apr 9, 2025",none,242.08,150
CADL,"Nov 15, 2024","Mar 12, 2025",No,"Nov 22, 2024; Nov 26, 2024",none,241.12,117
INZY,"Apr 7, 2025","Jul 2, 2025",No,"Apr 9, 2025; Apr 17, 2025; Apr 30, 2025",Yes,238.98,86
NRSN,"Sep 29, 2023","May 31, 2024",No,"Oct 2, 2023",Yes,237.68,245
RVYL,"Jun 4, 2025","Sep 4, 2025",No,none,none,237.17,92
RDUS,"Aug 10, 2022","Oct 13, 2023",No,none,Yes,236.84,429
NVVE,"Jun 3, 2024","Sep 4, 2024",No,none,none,236.58,93
FICO,"Oct 14, 2022","Mar 1, 2024",No,none,none,235.30,504
BBLG,"Nov 15, 2023","Mar 28, 2024",No,"Dec 20, 2023",Yes,234.71,134
EEIQ,"May 1, 2025","Sep 5, 2025",No,"May 2, 2025",Yes,234.62,127
MSPR,"Apr 2, 2025","Jul 10, 2025",No,none,none,234.21,99
BDMD,"Oct 7, 2024","Apr 14, 2025",No,none,Yes,231.64,189
MREO,"May 9, 2022","Sep 20, 2022",No,"May 10, 2022; May 24, 2022; Jun 2, 2022; Jun 7, 2022; Jun 13, 2022",Yes,230.30,134
OTRK,"Jan 3, 2023","Apr 19, 2023",No,none,Yes,230.00,106
MCVT,"Mar 2, 2022","Jun 22, 2022",No,none,none,228.95,112
ITRM,"Nov 1, 2023","Feb 26, 2024",No,"Nov 15, 2023",Yes,228.95,117
TSLQ,"Oct 1, 2024","Feb 26, 2025",No,none,Yes,228.48,148
MNTSW,"Jan 17, 2024","Aug 29, 2024",No,none,Yes,227.63,225
EAT,"Aug 5, 2024","May 6, 2025",No,"Aug 14, 2024",none,226.62,274
LNZA,"Dec 19, 2024","Mar 27, 2025",No,none,none,226.19,98
CDLX,"Jan 26, 2024","Jun 24, 2024",No,"Jan 30, 2024",Yes,225.71,150
IMRX,"Jul 19, 2024","Dec 16, 2024",No,none,Yes,224.58,150
MOGO,"May 1, 2025","Sep 5, 2025",No,none,Yes,224.58,127
WIMI,"Jun 17, 2024","Mar 31, 2025",No,"Jun 24, 2024; Jul 11, 2024",Yes,224.44,287
PSNL,"Apr 18, 2024","Nov 15, 2024",No,"Apr 25, 2024; May 3, 2024; Jul 18, 2024",Yes,224.32,211
IMG,"Nov 25, 2024","Feb 25, 2025",No,none,none,223.73,92
SHOT,"Oct 26, 2023","Feb 20, 2024",No,"Oct 30, 2023; Nov 2, 2023",Yes,223.28,117
DUO,"Feb 14, 2024","Aug 16, 2024",No,none,Yes,223.08,184
RMSG,"Jun 9, 2025","Sep 5, 2025",No,"Jun 10, 2025; Jun 24, 2025",Yes,221.18,88
ONDS,"Nov 19, 2024","Apr 4, 2025",No,none,Yes,220.75,136
RVSN,"Oct 5, 2023","Apr 30, 2024",No,none,Yes,220.58,208
ASTI,"Jul 28, 2022","Nov 16, 2022",No,"Aug 15, 2022",none,220.46,111
BKSY,"May 12, 2022","Aug 30, 2022",No,none,Yes,220.17,110
KRRO,"Oct 4, 2024","Jan 15, 2025",No,none,none,219.02,103
HUBCZ,"May 9, 2025","Sep 5, 2025",No,"May 13, 2025",Yes,218.60,119
HTCR,"May 22, 2025","Sep 5, 2025",No,none,Yes,218.10,106
WHLR,"Jan 13, 2025","May 1, 2025",No,"Jan 15, 2025",Yes,217.95,108
LYT,"Mar 25, 2025","Jun 26, 2025",No,none,Yes,216.70,93
SMTK,"May 22, 2023","Jun 27, 2024",No,"May 23, 2023; May 26, 2023; Jun 7, 2023; Jul 25, 2023; Dec 1, 2023; Jan 2, 2024; Jan 26, 2024",Yes,216.67,402
RSLS,"Apr 3, 2024","Aug 28, 2024",No,none,none,216.46,147
EJH,"Mar 21, 2024","Jul 5, 2024",No,none,none,216.38,106
BTOG,"Jun 6, 2025","Sep 5, 2025",No,"Jul 1, 2025",Yes,215.62,91
REKR,"Dec 20, 2024","May 7, 2025",No,"Dec 26, 2024",Yes,215.45,138
HTCR,"Jan 27, 2023","Aug 22, 2023",No,none,Yes,214.68,207
SVIIR,"Feb 14, 2025","Sep 5, 2025",No,none,Yes,212.64,203
MNTSW,"Sep 8, 2023","Jan 16, 2024",No,none,Yes,212.50,130
ARBK,"Jun 30, 2025","Sep 5, 2025",No,none,Yes,212.17,67
ROOT,"Oct 28, 2024","Jan 30, 2025",No,none,none,211.76,94
VFS,"Aug 15, 2023","Nov 27, 2023",No,none,Yes,211.45,104
CNF,"Aug 21, 2024","Jan 2, 2025",No,"Aug 27, 2024",Yes,211.40,134
LYT,"Nov 28, 2022","Apr 21, 2023",No,none,Yes,210.96,144
DHAI,"Feb 9, 2024","May 13, 2024",No,none,none,210.38,94
XOS,"Feb 3, 2025","May 22, 2025",No,none,none,210.17,108
GTI,"Apr 7, 2025","Aug 14, 2025",No,none,Yes,210.12,129
PSNYW,"Jan 2, 2025","Apr 4, 2025",No,none,none,210.03,92
TEN,"Mar 18, 2020","Sep 8, 2020",No,"Mar 19, 2020; Mar 27, 2020; May 12, 2020",Yes,209.27,174
GAME,"Jun 20, 2025","Sep 5, 2025",No,"Jun 30, 2025",Yes,209.27,77
RVSN,"Dec 13, 2024","Mar 31, 2025",No,none,Yes,208.92,108
SCLX,"Nov 14, 2022","Jul 5, 2023",No,"Nov 17, 2022",Yes,207.27,233
CXAI,"Jan 17, 2024","Jul 1, 2024",No,none,Yes,206.06,166
UCL,"Nov 8, 2024","Mar 19, 2025",No,"Nov 12, 2024",Yes,205.56,131
PHUN,"Dec 1, 2023","Jun 4, 2024",No,none,Yes,204.92,186
KC,"Mar 8, 2022","Jun 17, 2022",No,none,Yes,204.80,101
BIAF,"Dec 22, 2022","Apr 25, 2023",No,none,Yes,204.58,124
QURE,"Jul 5, 2024","Oct 9, 2024",No,none,none,204.29,96
MOGO,"Jul 7, 2023","Nov 13, 2023",No,"Jul 13, 2023; Jul 19, 2023",Yes,204.29,129
SHFS,"Sep 30, 2022","Jan 4, 2023",No,none,Yes,204.25,96
AEI,"Dec 30, 2024","Apr 3, 2025",No,none,none,203.91,94
SGBX,"Apr 22, 2025","Sep 2, 2025",No,none,Yes,203.64,133
CHSN,"May 2, 2025","Aug 11, 2025",No,"May 5, 2025",none,203.45,101
LGVN,"Jul 9, 2024","Oct 9, 2024",No,none,none,203.32,92
DEA,"Apr 11, 2025","Aug 27, 2025",No,none,none,202.95,138
ACB,"Sep 21, 2020","Jan 24, 2022",No,"Sep 22, 2020",Yes,202.71,490
RGLS,"Jan 29, 2025","Jun 25, 2025",No,"Jan 30, 2025; Apr 28, 2025",Yes,202.36,147
GBBKW,"Oct 30, 2024","Apr 14, 2025",No,none,Yes,202.33,166
BTCS,"Sep 3, 2024","Feb 12, 2025",No,none,Yes,202.23,162
AGRI,"Jan 27, 2022","Jun 24, 2022",No,"Feb 2, 2022",Yes,201.98,148
OCUL,"Dec 19, 2023","Jun 5, 2024",No,"Jan 16, 2024",none,200.80,169
ISSC,"May 6, 2025","Sep 5, 2025",No,none,none,200.75,122
STEM,"Dec 24, 2024","Apr 7, 2025",No,none,Yes,200.64,104
FUFU,"Mar 1, 2024","Jun 3, 2024",No,none,none,200.33,94
ADIL,"Jul 2, 2024","Oct 22, 2024",No,none,none,200.00,112
GBBKW,"May 30, 2023","Nov 17, 2023",No,none,Yes,200.00,171
AREC,"Feb 25, 2025","Jul 17, 2025",No,none,Yes,200.00,142
UI,"Apr 18, 2024","May 9, 2025",No,"Aug 5, 2024",none,199.46,386
DUO,"Sep 19, 2024","Jan 2, 2025",No,"Sep 24, 2024",Yes,199.36,105
MRM,"Mar 13, 2025","Sep 5, 2025",No,none,Yes,199.15,176
LGVN,"Apr 5, 2024","Jul 8, 2024",No,none,none,198.91,94
YOSH,"Jan 14, 2025","Jun 16, 2025",No,"Jan 24, 2025; Feb 11, 2025",Yes,198.53,153
LGVN,"Mar 8, 2022","Jul 1, 2022",No,none,Yes,198.40,115
WKSP,"Apr 18, 2024","Aug 2, 2024",No,"Apr 23, 2024",none,198.34,106
GEV,"Aug 5, 2024","Apr 24, 2025",No,none,none,198.31,262
KPTI,"Jan 16, 2024","May 7, 2024",No,none,none,197.71,112
SRM,"Apr 4, 2025","Sep 5, 2025",No,"Apr 9, 2025; May 29, 2025",Yes,197.67,154
RGTIW,"Aug 23, 2022","Nov 25, 2022",No,none,none,197.06,94
SWIN,"Jan 10, 2024","Jun 12, 2024",No,"Jan 11, 2024; Jan 22, 2024; Feb 13, 2024",Yes,196.12,154
APLMW,"Apr 17, 2025","Sep 5, 2025",No,none,Yes,196.00,141
STSSW,"Apr 12, 2023","Jul 31, 2023",No,none,Yes,195.73,110
HTCR,"Oct 26, 2022","Jan 26, 2023",No,none,none,195.61,92
SERV,"Nov 19, 2024","Apr 7, 2025",No,"Dec 5, 2024",none,195.51,139
DRCT,"Mar 8, 2022","Jun 29, 2022",No,none,Yes,195.16,113
MBOT,"Nov 22, 2024","Apr 7, 2025",No,none,Yes,193.91,136
EEIQ,"Apr 24, 2023","Aug 23, 2023",No,none,Yes,193.33,121
HCWB,"Oct 22, 2021","Jan 27, 2022",No,"Oct 25, 2021",none,193.14,97
AGRI,"Jun 5, 2023","Sep 5, 2023",No,none,none,192.86,92
YPF,"Aug 5, 2024","Feb 25, 2025",No,none,none,192.78,204
LCID,"Jan 6, 2023","Apr 28, 2023",No,none,none,192.45,112
HUBCZ,"Jun 21, 2023","Sep 25, 2023",No,none,Yes,192.33,96
GTEC,"Aug 17, 2023","Dec 6, 2023",No,none,Yes,191.67,111
STEM,"Apr 16, 2025","Sep 5, 2025",No,"Apr 17, 2025; May 2, 2025; May 16, 2025",Yes,191.62,142
SYTA,"Mar 21, 2024","Nov 1, 2024",No,"Mar 26, 2024; Mar 28, 2024",Yes,190.33,225
TWLO,"Jun 20, 2024","May 2, 2025",No,none,none,189.37,316
MIMI,"May 1, 2025","Sep 5, 2025",No,"May 14, 2025; Jul 15, 2025",Yes,188.70,127
MRKR,"May 16, 2025","Sep 5, 2025",No,"Jun 12, 2025",Yes,188.65,112
GSIW,"Feb 3, 2025","May 9, 2025",No,none,none,188.22,95
SMMT,"May 28, 2024","Dec 16, 2024",No,"May 29, 2024; Aug 2, 2024; Sep 3, 2024",Yes,188.18,202
PRSO,"May 12, 2023","Aug 30, 2023",No,none,Yes,188.08,110
NVDU,"Apr 19, 2024","Sep 19, 2024",No,"May 1, 2024",none,187.92,153
QMCO,"May 29, 2024","Mar 28, 2025",No,"Jun 7, 2024; Jun 17, 2024; Aug 29, 2024",Yes,187.75,303
INDV,"Apr 22, 2025","Sep 5, 2025",No,none,none,187.69,136
RGLS,"Mar 11, 2024","Jun 11, 2024",No,none,none,187.12,92
AMIX,"Oct 25, 2024","Jan 27, 2025",No,none,none,186.15,94
CDE,"Feb 28, 2025","Sep 5, 2025",No,"Mar 31, 2025",Yes,185.85,189
OPTX,"Nov 10, 2023","Feb 16, 2024",No,none,none,185.75,98
MDCX,"Feb 3, 2016","May 10, 2016",No,none,none,185.71,97
CISS,"Dec 31, 2024","Apr 3, 2025",No,none,none,185.71,93
DFLIW,"Nov 15, 2024","Apr 7, 2025",No,none,Yes,184.97,143
LUNR,"Feb 8, 2024","May 22, 2024",No,none,Yes,184.95,104
MKDW,"Aug 1, 2024","Nov 1, 2024",No,none,none,184.79,92
NRSN,"Jun 22, 2022","Sep 29, 2022",No,none,none,184.70,99
RDUS,"Jan 3, 2025","Jul 10, 2025",No,none,Yes,184.20,188
SMX,"Jun 13, 2025","Sep 5, 2025",No,none,Yes,183.72,84
OCGN,"Jan 19, 2024","Jun 24, 2024",No,"Feb 5, 2024; Feb 12, 2024",Yes,183.50,157
SERV,"Jul 23, 2024","Oct 29, 2024",No,none,Yes,183.41,98
QSG,"Mar 4, 2025","Sep 5, 2025",No,"Mar 20, 2025; Mar 26, 2025; Mar 28, 2025",Yes,183.33,185
NWTN,"Feb 14, 2025","Aug 18, 2025",No,"Feb 18, 2025",Yes,182.92,185
CAPS,"Oct 11, 2021","Jan 4, 2022",No,none,none,182.79,85
ARBE,"Dec 30, 2024","Apr 8, 2025",No,none,none,182.78,99
TIVC,"Sep 16, 2024","Feb 7, 2025",No,none,Yes,182.61,144
VSME,"Jan 22, 2024","Apr 24, 2024",No,none,none,182.05,93
SKYE,"May 9, 2025","Sep 5, 2025",No,"May 16, 2025; May 23, 2025; Jun 13, 2025",none,181.86,119
MODV,"Apr 21, 2025","Sep 5, 2025",No,none,Yes,181.82,137
NCPL,"Dec 7, 2022","Mar 14, 2023",No,none,none,181.74,97
BHVN,"May 12, 2023","Jun 7, 2024",No,"Jun 1, 2023; Oct 3, 2023",Yes,181.24,392
PCSA,"Mar 27, 2025","Sep 5, 2025",No,none,Yes,181.20,162
SES,"Dec 18, 2024","Apr 7, 2025",No,none,Yes,181.11,110
GCTK,"Jun 2, 2025","Sep 5, 2025",No,"Jun 4, 2025; Jun 17, 2025",Yes,180.92,95
MRM,"Jun 26, 2024","Nov 25, 2024",No,none,Yes,180.60,152
CHSN,"Apr 10, 2023","Aug 9, 2023",No,"Apr 11, 2023; Apr 14, 2023",Yes,180.18,121
GP,"May 31, 2023","Oct 16, 2023",No,none,none,180.09,138
OTRK,"Jul 28, 2022","Oct 31, 2022",No,none,none,180.00,95
STX,"Apr 11, 2025","Sep 5, 2025",No,none,none,179.80,147
MSW,"Apr 14, 2025","Aug 11, 2025",No,none,none,179.66,119
IVVD,"Dec 31, 2024","May 8, 2025",No,none,Yes,179.57,128
INHD,"Apr 2, 2025","Aug 11, 2025",No,none,Yes,179.38,131
CANG,"Oct 21, 2024","Mar 19, 2025",No,"Oct 28, 2024; Nov 4, 2024; Nov 6, 2024; Nov 8, 2024; Nov 18, 2024; Dec 2, 2024",none,179.19,149
XBP,"Nov 30, 2023","Mar 5, 2024",No,none,Yes,178.99,96
TYGO,"May 30, 2023","Aug 31, 2023",No,none,none,178.64,93
AUR,"Oct 30, 2023","Mar 28, 2024",No,"Nov 9, 2023",none,178.03,150
ASBP,"Jun 25, 2025","Sep 5, 2025",No,"Jun 26, 2025",Yes,177.87,72
FUBO,"Jul 27, 2022","Nov 15, 2022",No,"Aug 5, 2022",none,177.82,111
GRRR,"Dec 19, 2022","Apr 4, 2023",No,none,Yes,177.28,106
BBLG,"Mar 8, 2022","Jun 21, 2022",No,none,none,176.87,105
LITE,"Apr 24, 2025","Sep 5, 2025",No,none,none,176.85,134
TGL,"Nov 20, 2024","Apr 4, 2025",No,none,Yes,176.60,135
CRCL,"Jun 10, 2025","Sep 5, 2025",No,"Jun 13, 2025",none,174.80,87
MSTX,"Sep 18, 2024","Feb 20, 2025",No,"Oct 1, 2024; Oct 10, 2024; Oct 23, 2024; Oct 30, 2024",Yes,174.79,155
SCNI,"Mar 14, 2025","Sep 4, 2025",No,none,Yes,174.67,174
SDST,"Jul 10, 2024","Oct 17, 2024",No,none,Yes,174.34,99
CUBI,"May 12, 2023","Sep 11, 2023",No,none,none,174.22,122
WORX,"Feb 23, 2024","Jun 20, 2024",No,"Feb 27, 2024",Yes,173.74,118
CCLD,"Nov 1, 2023","Mar 26, 2024",No,none,Yes,173.30,146
MBOT,"Apr 18, 2024","Sep 3, 2024",No,none,none,173.21,138
PMAX,"Feb 7, 2025","Aug 22, 2025",No,"Feb 10, 2025",Yes,173.17,196
SXTC,"Aug 15, 2023","Apr 1, 2024",No,none,Yes,173.08,230
FIVE,"Apr 1, 2025","Sep 5, 2025",No,none,Yes,173.01,157
RGC,"Oct 24, 2024","Jan 27, 2025",No,none,none,172.93,95
NA,"May 12, 2023","Aug 24, 2023",No,none,Yes,172.48,104
LFWD,"Dec 26, 2024","Apr 7, 2025",No,none,none,172.11,102
IVDA,"Jul 1, 2024","Mar 31, 2025",No,"Jul 22, 2024",Yes,171.79,273
MLGO,"Dec 20, 2022","Apr 27, 2023",No,none,Yes,171.74,128
DISTW,"Apr 1, 2025","Jul 9, 2025",No,"Apr 2, 2025; Apr 30, 2025; May 5, 2025",Yes,171.43,99
PET,"Jun 26, 2025","Sep 5, 2025",No,none,Yes,170.75,71
WHLR,"Oct 1, 2024","Jan 2, 2025",No,none,Yes,170.65,93
RPT,"Nov 2, 2020","Apr 27, 2021",No,none,none,170.35,176
MRM,"Sep 13, 2021","Dec 23, 2021",No,none,none,170.13,101
AMPX,"Sep 20, 2022","Dec 23, 2022",No,none,none,170.00,94
XLO,"Feb 4, 2025","May 14, 2025",No,none,none,169.84,99
KSS,"Mar 14, 2025","Sep 5, 2025",No,"Mar 31, 2025; Jun 13, 2025",Yes,169.74,175
LPSN,"Dec 13, 2024","Apr 1, 2025",No,none,none,169.57,109
SPRO,"Aug 2, 2022","Dec 22, 2022",No,"Aug 3, 2022; Aug 8, 2022",Yes,169.49,142
PCSA,"Sep 11, 2023","Jan 16, 2024",No,"Sep 13, 2023",Yes,169.46,127
BTMD,"Jun 28, 2022","Oct 14, 2022",No,none,Yes,169.00,108
UXIN,"Sep 20, 2024","Dec 30, 2024",No,none,Yes,168.49,101
SPRC,"Sep 8, 2023","Feb 23, 2024",No,"Sep 15, 2023",Yes,168.30,168
PAYS,"Apr 7, 2025","Sep 5, 2025",No,"May 8, 2025; May 19, 2025; May 23, 2025",none,168.28,151
RSLS,"Dec 11, 2023","Mar 13, 2024",No,none,none,168.18,93
ABP,"Dec 6, 2024","Mar 28, 2025",No,none,Yes,168.16,112
SNPX,"May 29, 2025","Aug 29, 2025",No,"Jun 12, 2025",Yes,168.01,92
TREE,"Dec 28, 2022","May 11, 2023",No,none,none,167.15,134
FLYE,"Oct 4, 2024","Apr 1, 2025",No,"Oct 9, 2024; Oct 15, 2024",Yes,166.88,179
VERV,"Apr 9, 2025","Jul 25, 2025",No,"Apr 14, 2025; May 2, 2025",Yes,166.78,107
BTOG,"Nov 1, 2023","May 3, 2024",No,"Nov 9, 2023; Nov 17, 2023; Nov 27, 2023; Nov 29, 2023",Yes,166.76,184
INSW,"Jul 12, 2022","Dec 22, 2022",No,none,none,166.17,163
LION,"Jan 25, 2023","May 14, 2024",No,none,Yes,166.13,475
LION,"Jan 25, 2023","May 14, 2024",No,none,Yes,166.13,475
HYMCW,"Oct 19, 2022","Feb 14, 2023",No,none,Yes,165.83,118
SONM,"Feb 24, 2022","Jun 17, 2022",No,"Mar 1, 2022",Yes,165.55,113
WIT,"Aug 5, 2024","Mar 11, 2025",No,none,none,165.45,218
PTPI,"Oct 29, 2021","Feb 28, 2022",No,none,Yes,165.31,122
STSSW,"Apr 9, 2024","Sep 12, 2024",No,"Apr 12, 2024",Yes,165.19,156
SOUN,"Jan 18, 2023","May 10, 2023",No,none,Yes,164.36,112
XP,"Mar 24, 2023","Oct 5, 2023",No,none,none,163.28,195
SOGP,"Feb 6, 2024","May 22, 2024",No,"Feb 15, 2024",none,162.75,106
SLNH,"Apr 15, 2024","Sep 24, 2024",No,"Apr 16, 2024; May 8, 2024; May 17, 2024; Jun 13, 2024",none,162.69,162
AGH,"Feb 18, 2025","May 22, 2025",No,none,Yes,162.43,93
GME,"Apr 16, 2024","Aug 13, 2024",No,"May 3, 2024",Yes,161.73,119
BTCM,"Dec 21, 2022","Apr 18, 2023",No,"Dec 23, 2022; Jan 11, 2023",Yes,161.43,118
W,"Mar 19, 2025","Sep 5, 2025",No,"Mar 28, 2025; May 23, 2025",Yes,161.32,170
ONDS,"May 31, 2023","Oct 20, 2023",No,"Jun 7, 2023; Jun 21, 2023",none,161.29,142
PWM,"Aug 16, 2024","Nov 25, 2024",No,none,none,161.19,101
PKST,"Apr 13, 2023","Jul 19, 2023",No,none,Yes,161.11,97
UXIN,"Jun 30, 2022","Oct 10, 2022",No,none,none,160.98,102
NCI,"Sep 18, 2024","Jan 21, 2025",No,none,Yes,160.87,125
HTZ,"Apr 7, 2025","Jul 22, 2025",No,"Apr 9, 2025; Apr 15, 2025",none,160.47,106
PCSA,"Jan 18, 2024","Apr 25, 2024",No,none,Yes,160.35,98
TMC,"May 30, 2023","Oct 9, 2023",No,"Jun 8, 2023; Jun 14, 2023; Jun 21, 2023",none,160.16,132
MNTS,"Dec 6, 2024","Mar 18, 2025",No,none,Yes,159.73,102
ROOT,"Mar 16, 2023","Sep 21, 2023",No,"Apr 14, 2023; May 2, 2023; May 4, 2023; May 12, 2023",Yes,159.65,189
TGL,"Apr 7, 2025","Jul 17, 2025",No,none,Yes,159.65,101
AWH,"Jun 7, 2023","Dec 1, 2023",No,"Jul 6, 2023; Jul 13, 2023",Yes,159.62,177
BBAI,"Jan 14, 2022","Jul 6, 2022",No,"Feb 9, 2022; Feb 24, 2022; Mar 2, 2022; Mar 7, 2022",Yes,159.58,173
FMST,"Dec 5, 2024","Apr 28, 2025",No,none,Yes,159.39,144
LGMK,"Jul 3, 2025","Sep 5, 2025",No,none,Yes,159.26,64
ADIL,"Nov 13, 2023","May 31, 2024",No,none,Yes,159.00,200
WULF,"Mar 7, 2022","Jun 10, 2022",No,none,none,158.81,95
PPSI,"Oct 22, 2021","Mar 10, 2022",No,none,Yes,158.14,139
TPR,"Aug 5, 2024","Apr 1, 2025",No,none,none,157.88,239
TME,"Oct 4, 2023","Jul 1, 2024",No,none,none,157.68,271
SONN,"Mar 8, 2022","Jun 15, 2022",No,none,none,157.46,99
ADNT,"Apr 9, 2025","Sep 5, 2025",No,none,none,157.37,149
MNTSW,"Feb 24, 2022","Jul 7, 2022",No,"Feb 28, 2022; Mar 22, 2022",Yes,156.76,133
BLMZ,"Mar 7, 2025","Aug 19, 2025",No,none,Yes,156.58,165
PETWW,"May 28, 2024","Sep 9, 2024",No,none,none,156.36,104
DLPN,"Oct 14, 2024","Jan 21, 2025",No,"Oct 15, 2024",none,156.33,99
XPO,"Apr 6, 2023","Sep 18, 2023",No,none,none,156.33,165
VERI,"Aug 5, 2024","Jan 10, 2025",No,"Aug 9, 2024",Yes,156.14,158
XBP,"Apr 11, 2025","Sep 5, 2025",No,none,Yes,156.00,147
BTCS,"Jan 3, 2022","Apr 14, 2022",No,none,Yes,155.91,101
QMCO,"Dec 6, 2023","May 15, 2024",No,"Dec 14, 2023; Dec 27, 2023; Feb 6, 2024",Yes,155.65,161
GHRS,"Dec 20, 2024","May 5, 2025",No,"Jan 2, 2025; Jan 7, 2025",none,155.58,136
IREN,"Feb 13, 2023","May 18, 2023",No,none,Yes,155.37,94
NRSN,"Jan 10, 2023","Apr 20, 2023",No,none,none,155.26,100
AREB,"Aug 1, 2022","Nov 2, 2022",No,none,none,155.24,93
BIAF,"Feb 22, 2024","Jun 4, 2024",No,none,Yes,154.93,103
FAAS,"Aug 26, 2024","Dec 27, 2024",No,none,Yes,154.78,123
ADN,"Sep 9, 2024","Feb 12, 2025",No,none,Yes,154.78,156
AISP,"Aug 14, 2024","Apr 1, 2025",No,"Aug 15, 2024; Aug 22, 2024",Yes,154.49,230
HCWB,"Apr 7, 2025","Aug 12, 2025",No,"Apr 8, 2025",Yes,154.47,127
ABVE,"Mar 4, 2025","Sep 5, 2025",No,"Mar 5, 2025; Mar 20, 2025",Yes,154.34,185
SYM,"Jun 10, 2022","Sep 20, 2022",No,none,Yes,154.29,102
BKKT,"Jan 3, 2023","Apr 13, 2023",No,none,none,153.98,100
KLG,"Oct 16, 2023","Jun 6, 2024",No,none,none,153.91,234
EQ,"Dec 27, 2023","May 28, 2024",No,"Jan 18, 2024; Jan 31, 2024; Feb 8, 2024",Yes,153.91,153
REZI,"Apr 9, 2025","Sep 5, 2025",No,none,none,153.81,149
SPOT,"Dec 16, 2022","Aug 30, 2023",No,none,none,153.76,257
AUUD,"Feb 11, 2025","Sep 5, 2025",No,"Feb 13, 2025",Yes,153.12,206
UCL,"Dec 16, 2021","Apr 1, 2022",No,"Dec 22, 2021",none,153.08,106
STSSW,"Dec 12, 2022","Apr 11, 2023",No,none,Yes,153.00,120
HLP,"Oct 13, 2023","Feb 20, 2024",No,"Oct 19, 2023; Oct 26, 2023; Nov 3, 2023",Yes,152.97,130
FEMY,"Jul 26, 2023","Jan 2, 2024",No,none,Yes,152.66,160
IONQ,"Oct 7, 2021","Feb 17, 2022",No,"Oct 20, 2021; Oct 27, 2021; Nov 2, 2021",none,152.64,133
SLNH,"Jul 1, 2025","Sep 5, 2025",No,"Jul 8, 2025",none,152.57,66
GOVX,"Dec 29, 2022","Apr 26, 2023",No,none,none,152.54,118
APM,"Apr 7, 2025","Sep 5, 2025",No,none,Yes,152.54,151
SILO,"Dec 20, 2022","Mar 31, 2023",No,none,none,152.31,101
MOBX,"Dec 22, 2023","Mar 26, 2024",No,none,none,151.92,95
HYMCW,"Feb 8, 2022","Jun 30, 2022",No,"Feb 9, 2022",Yes,151.88,142
RSLS,"Dec 12, 2022","May 5, 2023",No,"Dec 27, 2022",Yes,151.69,144
HLP,"Apr 12, 2023","Jul 31, 2023",No,"Apr 14, 2023; Apr 18, 2023",Yes,151.59,110
TT,"Jun 1, 2023","Oct 17, 2024",No,none,none,151.15,504
GLE,"Feb 24, 2025","Sep 5, 2025",No,"Feb 28, 2025; Mar 11, 2025",Yes,150.97,193
NNE,"Oct 16, 2024","Apr 25, 2025",No,"Oct 18, 2024",Yes,150.78,191
GEOS,"May 30, 2025","Sep 5, 2025",No,"Jun 17, 2025; Jun 20, 2025",Yes,150.58,98
SMTC,"Feb 5, 2024","Sep 5, 2024",No,none,none,150.39,213
IOVA,"May 28, 2025","Sep 5, 2025",No,"Jun 16, 2025",Yes,150.29,100
TYGO,"Apr 9, 2025","Sep 5, 2025",No,"Apr 11, 2025",none,150.00,149
RGTIW,"Jun 18, 2024","Oct 15, 2024",No,none,Yes,150.00,119
GRND,"Nov 18, 2022","Feb 21, 2023",No,none,none,150.00,95
NEON,"Nov 9, 2022","Apr 20, 2023",No,none,Yes,150.00,162
BKKT,"Oct 21, 2021","Jan 31, 2022",No,none,Yes,150.00,102
SMTK,"Oct 18, 2022","Feb 1, 2023",No,none,Yes,150.00,106
OCEA,"Jun 3, 2025","Sep 5, 2025",No,none,Yes,150.00,94
BBLG,"Oct 5, 2021","Jan 11, 2022",No,none,none,150.00,98
EH,"Dec 5, 2022","Apr 14, 2023",No,"Dec 7, 2022",Yes,149.86,130
NEHC,"Dec 11, 2024","Apr 1, 2025",No,none,Yes,149.84,111
BBAI,"Feb 23, 2024","Jun 3, 2024",No,none,none,149.74,101
BTM,"Oct 29, 2024","Feb 10, 2025",No,none,none,149.65,104
TMCWW,"Dec 13, 2023","Jun 12, 2024",No,none,Yes,149.61,182
CEAD,"Jun 15, 2022","Sep 20, 2022",No,none,none,149.50,97
POWL,"Sep 6, 2024","Feb 10, 2025",No,none,none,149.34,157
NUVL,"Aug 1, 2022","Jan 27, 2023",No,"Sep 6, 2022; Sep 22, 2022; Sep 27, 2022",none,149.34,179
EJH,"Jul 28, 2023","Feb 15, 2024",No,"Oct 4, 2023; Oct 11, 2023; Nov 7, 2023",Yes,149.26,202
PALI,"Oct 11, 2022","Mar 31, 2023",No,"Oct 13, 2022",Yes,148.98,171
BHC,"Jul 5, 2024","Dec 17, 2024",No,none,Yes,148.74,165
HTCR,"Dec 18, 2024","Apr 3, 2025",No,"Dec 26, 2024",none,148.53,106
GDS,"Nov 20, 2024","May 22, 2025",No,"Dec 18, 2024; Jan 13, 2025",Yes,148.23,183
WHLR,"Jun 14, 2023","Dec 7, 2023",No,none,Yes,147.89,176
AGRI,"Jan 22, 2024","May 21, 2024",No,none,Yes,147.72,120
SLDP,"Nov 18, 2024","Mar 28, 2025",No,"Dec 18, 2024",none,147.71,130
DAPP,"Oct 19, 2023","Mar 27, 2024",No,none,none,147.51,160
ABOS,"Jun 27, 2023","Oct 16, 2023",No,none,none,147.48,111
GTEC,"Nov 18, 2021","Feb 22, 2022",No,none,none,147.06,96
HIVE,"May 12, 2023","Oct 12, 2023",No,none,none,146.93,153
IPDN,"Jun 25, 2025","Sep 5, 2025",No,none,Yes,146.81,72
RNXT,"Oct 28, 2021","Feb 9, 2022",No,none,none,146.55,104
AREC,"Jul 15, 2022","Dec 6, 2022",No,none,none,146.53,144
YAAS,"Apr 17, 2025","Sep 5, 2025",No,"Apr 21, 2025; Apr 30, 2025; Jun 16, 2025; Jun 18, 2025",Yes,146.48,141
DISTW,"Jul 31, 2024","Nov 11, 2024",No,"Aug 1, 2024",none,146.30,103
BENFW,"Aug 5, 2024","Dec 6, 2024",No,"Aug 6, 2024",Yes,146.15,123
ARM,"Oct 20, 2023","Mar 26, 2024",No,"Jan 3, 2024; Jan 5, 2024; Jan 17, 2024",none,146.02,158
FL,"Apr 16, 2025","Sep 5, 2025",No,none,none,145.36,142
SSRM,"Apr 7, 2025","Sep 5, 2025",No,none,none,144.94,151
STRO,"Apr 4, 2025","Jul 24, 2025",No,none,Yes,144.77,111
OP,"Feb 9, 2022","Jun 7, 2022",No,"Feb 11, 2022; Feb 24, 2022",Yes,144.44,118
CVNA,"May 5, 2023","Oct 19, 2023",No,"May 8, 2023; May 11, 2023; Jun 1, 2023; Jun 6, 2023; Jun 20, 2023; Jul 5, 2023",Yes,144.09,167
KC,"Jan 13, 2025","May 22, 2025",No,none,none,144.08,129
CPS,"May 20, 2022","Nov 15, 2022",No,"Jun 10, 2022",Yes,144.00,179
OPAD,"Sep 13, 2021","Dec 16, 2021",No,none,none,143.84,94
IMRX,"Dec 19, 2024","Apr 8, 2025",No,none,none,143.59,110
STI,"Aug 19, 2024","Mar 31, 2025",No,"Aug 20, 2024",Yes,143.36,224
HUT,"May 26, 2023","Oct 13, 2023",No,none,none,143.32,140
INSM,"Apr 9, 2025","Sep 5, 2025",No,none,none,143.11,149
MOB,"May 25, 2023","Oct 9, 2023",No,"May 31, 2023; Jun 9, 2023; Jun 20, 2023; Jun 23, 2023",none,143.07,137
RIGL,"Apr 10, 2025","Sep 5, 2025",No,"May 7, 2025",Yes,142.89,148
NXL,"Oct 28, 2022","Feb 21, 2023",No,none,Yes,142.86,116
ADNWW,"Oct 15, 2024","Apr 16, 2025",No,none,Yes,142.57,183
SISI,"Nov 6, 2024","Apr 1, 2025",No,none,Yes,142.41,146
SATL,"Nov 14, 2023","Mar 7, 2024",No,"Nov 20, 2023; Nov 27, 2023",none,142.31,114
WKHS,"Nov 7, 2024","Feb 11, 2025",No,none,Yes,142.20,96
IPDN,"Dec 6, 2022","May 25, 2023",No,"Dec 7, 2022; Jan 6, 2023; Jan 11, 2023; Jan 13, 2023; Jan 19, 2023",Yes,142.10,170
PYXS,"Dec 30, 2022","Jun 29, 2023",No,"Feb 23, 2023",Yes,141.96,181
BBBY,"Feb 24, 2022","Jun 6, 2022",No,none,none,141.95,102
FSM,"Feb 28, 2024","Jul 11, 2024",No,none,none,141.83,134
ORGN,"Mar 27, 2024","Aug 7, 2024",No,"Apr 3, 2024",Yes,141.67,133
KE,"Apr 7, 2025","Sep 5, 2025",No,none,none,141.66,151
SVIIR,"Apr 25, 2023","Aug 10, 2023",No,none,Yes,141.26,107
POLA,"Jun 18, 2025","Sep 5, 2025",No,none,Yes,139.87,79
RR,"Jul 15, 2024","Oct 21, 2024",No,none,none,139.81,98
SCNI,"May 20, 2024","Oct 14, 2024",No,none,Yes,139.78,147
FIX,"Apr 4, 2025","Sep 5, 2025",No,"Apr 9, 2025",none,139.48,154
TGL,"Feb 8, 2024","Jun 20, 2024",No,"Feb 29, 2024",Yes,139.39,133
TQQQ,"Apr 7, 2025","Sep 5, 2025",No,"Apr 8, 2025; Apr 16, 2025",none,139.36,151
WRAP,"Dec 12, 2023","May 6, 2024",No,"Jan 2, 2024; Jan 5, 2024; Jan 9, 2024",none,139.25,146
AQB,"Nov 22, 2023","Mar 7, 2024",No,"Nov 28, 2023",none,139.20,106
OCEA,"Feb 10, 2025","May 13, 2025",No,none,none,138.94,92
TC,"Aug 12, 2024","Jan 23, 2025",No,none,Yes,138.89,164
TLRY,"Jun 23, 2025","Sep 5, 2025",No,"Jul 3, 2025; Jul 8, 2025; Jul 11, 2025; Jul 24, 2025",Yes,138.46,74
POLA,"Feb 24, 2022","Jun 7, 2022",No,none,Yes,138.45,103
SMXT,"Feb 27, 2024","Jul 15, 2024",No,"Feb 28, 2024",Yes,138.44,139
SISI,"Apr 7, 2025","Jul 30, 2025",No,none,Yes,138.39,114
SYRE,"Feb 22, 2024","Jun 17, 2024",No,"Feb 23, 2024",none,138.30,116
SNDL,"Jul 1, 2025","Sep 5, 2025",No,none,none,138.26,66
TRIB,"May 14, 2024","Sep 11, 2024",No,none,none,138.26,120
GELS,"Oct 30, 2024","Mar 11, 2025",No,none,Yes,138.10,132
XOS,"Dec 30, 2022","Apr 13, 2023",No,"Jan 4, 2023",none,138.00,104
BNZI,"Sep 17, 2024","Dec 24, 2024",No,none,Yes,137.79,98
SIRI,"May 10, 2023","Oct 19, 2023",No,none,none,137.31,162
FOSL,"Nov 22, 2024","Mar 3, 2025",No,"Nov 25, 2024",none,137.27,101
CCJ,"Apr 7, 2025","Sep 5, 2025",No,none,none,137.20,151
NVNI,"Mar 25, 2025","Sep 5, 2025",No,none,Yes,137.14,164
STAK,"Jun 11, 2025","Sep 5, 2025",No,none,none,137.13,86
PALI,"Jan 23, 2024","Jul 16, 2024",No,none,Yes,137.10,175
GV,"Dec 16, 2024","Jun 6, 2025",No,none,Yes,137.04,172
GPRO,"May 15, 2025","Sep 5, 2025",No,"Jun 6, 2025",Yes,137.00,113
HWH,"Jan 9, 2024","Jul 30, 2024",No,none,Yes,136.84,203
COMP,"Nov 10, 2022","May 4, 2023",No,none,Yes,136.60,175
ONMD,"Jun 16, 2025","Sep 5, 2025",No,none,Yes,136.22,81
RAYA,"Apr 9, 2025","Sep 5, 2025",No,"Apr 15, 2025; Apr 22, 2025",Yes,135.92,149
QD,"Apr 10, 2025","Sep 5, 2025",No,none,none,135.73,148
VOR,"May 9, 2025","Sep 5, 2025",No,none,Yes,135.00,119
SNPX,"Jun 1, 2023","Oct 12, 2023",No,none,none,135.00,133
SRDX,"May 25, 2023","Oct 23, 2023",No,none,none,134.72,151
VSEE,"Jun 26, 2024","Sep 30, 2024",No,none,none,134.52,96
MVIS,"May 8, 2023","Sep 6, 2023",No,"May 9, 2023; May 19, 2023; May 23, 2023",none,134.29,121
HEES,"Jan 13, 2025","Apr 3, 2025",No,none,none,134.23,80
TQQQ,"Mar 13, 2023","Aug 30, 2023",No,none,none,134.18,170
MBI,"Oct 13, 2023","Mar 14, 2024",No,"Nov 3, 2023",none,134.04,153
PETWW,"Dec 21, 2022","Aug 17, 2023",No,"Dec 22, 2022; Dec 29, 2022",Yes,133.70,239
RSI,"Mar 10, 2025","Sep 5, 2025",No,"Apr 7, 2025",none,133.44,179
CISO,"Nov 3, 2021","Apr 13, 2022",No,"Dec 23, 2021",Yes,133.33,161
LTRY,"Feb 4, 2025","May 13, 2025",No,none,Yes,133.00,98
NWTN,"Aug 5, 2024","Feb 11, 2025",No,"Aug 8, 2024",Yes,132.89,190
WOLF,"Jun 27, 2025","Sep 5, 2025",No,none,Yes,132.87,70
QUBT,"Jan 3, 2023","May 8, 2023",No,none,none,132.67,125
ATI,"Apr 7, 2025","Sep 5, 2025",No,"Apr 9, 2025",none,132.20,151
DRCT,"Dec 30, 2022","May 3, 2023",No,"Jan 13, 2023",none,132.14,124
AERT,"May 30, 2025","Sep 5, 2025",No,none,Yes,132.10,98
DRCT,"Mar 27, 2025","Jul 31, 2025",No,none,Yes,132.03,126
PTPI,"Oct 15, 2024","Apr 8, 2025",No,"Oct 16, 2024; Oct 21, 2024",Yes,131.48,175
SUUN,"Dec 30, 2024","May 12, 2025",No,"Jan 7, 2025",Yes,131.29,133
NRDY,"Dec 21, 2022","May 5, 2023",No,none,none,131.25,135
TGTX,"Oct 16, 2023","Apr 10, 2024",No,"Nov 1, 2023; Nov 13, 2023",none,131.09,177
AMPX,"Sep 9, 2024","Apr 8, 2025",No,"Sep 23, 2024; Oct 9, 2024; Oct 15, 2024; Oct 23, 2024",Yes,131.04,211
OPAD,"Jul 1, 2025","Sep 5, 2025",No,"Jul 7, 2025",Yes,130.91,66
ZAPPW,"Aug 9, 2023","Nov 24, 2023",No,none,Yes,130.77,107
SVIIR,"Oct 28, 2022","Mar 28, 2023",No,none,Yes,130.77,151
SUGP,"Feb 7, 2024","May 24, 2024",No,none,Yes,130.74,107
AHCO,"May 9, 2022","Nov 2, 2022",No,"May 10, 2022",none,130.15,177
COHR,"May 10, 2023","Aug 2, 2023",No,none,none,129.97,84
NXTT,"Nov 6, 2024","Feb 19, 2025",No,"Nov 8, 2024",Yes,129.89,105
TMCWW,"Sep 13, 2021","Dec 14, 2021",No,none,none,129.79,92
VSME,"Apr 22, 2025","Sep 5, 2025",No,"Jul 23, 2025; Jul 29, 2025",Yes,129.75,136
ONVO,"Dec 30, 2022","May 18, 2023",No,"Jan 18, 2023",none,129.73,139
PHLT,"May 8, 2025","Sep 5, 2025",No,"Jul 18, 2025",none,129.67,120
HKPD,"Mar 18, 2025","Sep 2, 2025",No,none,Yes,129.29,168
BZAI,"Jun 16, 2025","Sep 5, 2025",No,"Jun 23, 2025; Jun 27, 2025; Jul 9, 2025",none,129.21,81
DNUT,"Jun 24, 2025","Sep 5, 2025",No,none,none,129.20,73
MSFL,"Apr 22, 2025","Sep 5, 2025",No,none,none,129.06,136
SLDB,"Feb 11, 2025","May 20, 2025",No,none,none,128.93,98
CKPT,"Oct 24, 2022","Apr 14, 2023",No,"Nov 4, 2022; Dec 15, 2022",Yes,128.93,172
LRN,"Oct 17, 2024","Mar 24, 2025",No,"Oct 18, 2024",none,128.85,158
PRAX,"Apr 9, 2025","Sep 5, 2025",No,none,none,128.58,149
MKDW,"Dec 10, 2024","Mar 17, 2025",No,none,none,128.57,97
EVTL,"Nov 6, 2024","Mar 28, 2025",No,"Nov 11, 2024",Yes,128.43,142
MNTSW,"Apr 21, 2025","Aug 6, 2025",No,none,none,128.00,107
BTE,"May 14, 2020","Sep 8, 2020",No,"Jun 2, 2020",none,127.93,117
MSFU,"Apr 22, 2025","Sep 5, 2025",No,none,none,127.33,136
PWM,"Jun 26, 2025","Sep 5, 2025",No,none,none,127.14,71
ARQQ,"Oct 24, 2022","Feb 8, 2023",No,"Nov 4, 2022",Yes,127.02,107
SKYT,"Nov 29, 2024","Mar 19, 2025",No,"Dec 6, 2024",none,127.00,110
CWD,"Mar 12, 2025","Sep 5, 2025",No,"Mar 13, 2025",Yes,126.94,177
LTRY,"Jul 11, 2024","Oct 17, 2024",No,none,Yes,126.80,98
ANIP,"Sep 16, 2021","Jan 31, 2022",No,none,none,126.67,137
IMVT,"Aug 18, 2023","Nov 8, 2023",No,"Sep 20, 2023",none,126.62,82
TPIC,"Nov 7, 2023","Mar 27, 2024",No,"Nov 14, 2023; Nov 16, 2023",Yes,126.60,141
ELAN,"Apr 21, 2025","Sep 5, 2025",No,none,none,126.53,137
PRQR,"Sep 24, 2024","Jan 16, 2025",No,"Sep 25, 2024; Oct 2, 2024",Yes,126.47,114
GP,"Sep 6, 2024","Dec 16, 2024",No,"Sep 9, 2024",none,126.30,101
AVGO,"Apr 7, 2025","Sep 5, 2025",No,"Apr 9, 2025",none,126.23,151
SCWO,"Feb 28, 2025","Aug 27, 2025",No,none,Yes,126.20,180
GRRR,"Oct 3, 2024","Jun 4, 2025",No,"Oct 23, 2024; Dec 3, 2024; Dec 16, 2024; Dec 18, 2024; Dec 26, 2024",Yes,125.89,244
ACRS,"Nov 18, 2024","Feb 18, 2025",No,none,none,125.76,92
ANVS,"Apr 17, 2024","Jul 29, 2024",No,none,none,125.73,103
SOUN,"Apr 29, 2022","Aug 2, 2022",No,none,Yes,125.62,95
CCO,"Dec 19, 2022","May 5, 2023",No,none,none,125.26,137
DISTW,"Nov 12, 2024","Mar 11, 2025",No,"Nov 25, 2024; Dec 5, 2024",Yes,125.17,119
BEEM,"Apr 9, 2025","Sep 5, 2025",No,"Apr 14, 2025",Yes,125.17,149
BABX,"Aug 6, 2024","Jan 6, 2025",No,none,none,125.03,153
NPKI,"Apr 7, 2025","Sep 5, 2025",No,none,none,125.00,151
CIFRW,"Oct 23, 2023","Mar 28, 2024",No,"Oct 24, 2023",Yes,125.00,157
PETWW,"Sep 16, 2024","Feb 20, 2025",No,"Sep 17, 2024; Sep 26, 2024",Yes,125.00,157
GCTK,"Oct 31, 2024","Feb 4, 2025",No,none,Yes,124.88,96
LNTH,"Mar 18, 2024","Aug 27, 2024",No,none,none,124.82,162
NEON,"Sep 20, 2021","Dec 29, 2021",No,none,none,124.70,100
CIFRW,"Nov 1, 2024","Feb 11, 2025",No,none,none,124.44,102
CURV,"Mar 16, 2023","Jun 30, 2023",No,"Mar 21, 2023",none,124.43,106
TME,"Apr 21, 2025","Sep 5, 2025",No,none,none,124.15,137
CIFRW,"Apr 18, 2024","Oct 16, 2024",No,"Apr 22, 2024; Apr 24, 2024",Yes,124.14,181
DLTH,"Jun 17, 2025","Sep 5, 2025",No,"Aug 1, 2025; Aug 18, 2025",none,124.04,80
NCNA,"Jul 6, 2022","Oct 24, 2022",No,none,Yes,124.00,110
NVT,"Apr 7, 2025","Sep 5, 2025",No,none,none,123.76,151
GCT,"Dec 14, 2023","Jun 14, 2024",No,"Dec 15, 2023; Jan 3, 2024; Jan 10, 2024",Yes,123.66,183
PPSI,"Jun 23, 2025","Sep 5, 2025",No,none,none,123.53,74
SNOA,"Jan 29, 2024","May 1, 2024",No,none,none,123.49,93
IPA,"Oct 20, 2023","Jan 30, 2024",No,"Oct 23, 2023",none,123.48,102
BBAI,"Dec 30, 2022","May 8, 2023",No,none,Yes,123.43,129
SRRK,"Oct 24, 2023","Mar 28, 2024",No,"Oct 26, 2023; Nov 9, 2023",Yes,123.31,156
MLCO,"Apr 7, 2025","Sep 5, 2025",No,none,none,123.08,151
ONCY,"Jun 8, 2023","Sep 22, 2023",No,"Jun 9, 2023",none,123.03,106
GOSS,"Jun 16, 2022","Oct 7, 2022",No,"Jul 7, 2022",none,122.80,113
MBOT,"Dec 15, 2021","Mar 28, 2022",No,none,none,122.68,103
WKHS,"Jun 23, 2025","Sep 5, 2025",No,"Jun 26, 2025; Jul 1, 2025",Yes,122.62,74
TOUR,"Jun 23, 2022","Oct 6, 2022",No,"Jun 28, 2022",none,122.39,105
IPA,"May 12, 2025","Sep 5, 2025",No,"May 23, 2025; Jun 4, 2025; Jul 3, 2025; Jul 9, 2025",Yes,122.33,116
CNK,"Jun 5, 2024","Jan 16, 2025",No,none,none,122.30,225
IPAR,"Sep 29, 2022","Jun 2, 2023",No,none,none,122.21,246
MLGO,"Mar 21, 2024","Sep 26, 2024",No,none,Yes,122.14,189
ETHA,"Apr 8, 2025","Sep 5, 2025",No,"Jun 20, 2025",none,122.09,150
HIVE,"Jun 14, 2022","Nov 14, 2022",No,"Jun 29, 2022; Jul 12, 2022; Jul 25, 2022",none,122.07,153
BOOT,"Apr 21, 2025","Sep 5, 2025",No,none,none,122.01,137
QTWO,"Oct 31, 2023","Jul 3, 2024",No,none,none,121.96,246
MRKR,"Aug 2, 2022","Nov 4, 2022",No,none,none,121.85,94
NKTR,"Jul 26, 2023","Nov 6, 2023",No,none,none,121.74,103
PRAX,"Dec 29, 2022","Apr 14, 2023",No,"Jan 6, 2023; Jan 10, 2023",none,121.52,106
BSLKW,"Nov 29, 2024","May 27, 2025",No,none,Yes,121.43,179
DUO,"Mar 14, 2023","Jun 23, 2023",No,none,Yes,121.25,101
BILI,"Sep 16, 2024","Jan 2, 2025",No,none,none,121.24,108
NITO,"Aug 2, 2024","Nov 26, 2024",No,none,Yes,121.23,116
AGH,"Jul 1, 2025","Sep 5, 2025",No,none,Yes,121.19,66
LGHL,"Sep 18, 2024","Jan 17, 2025",No,none,Yes,121.09,121
AUUD,"Apr 12, 2023","Sep 11, 2023",No,none,Yes,121.07,152
RMTI,"Jun 26, 2025","Sep 5, 2025",No,"Jul 8, 2025",Yes,121.05,71
LYT,"Jun 16, 2022","Sep 26, 2022",No,"Jun 21, 2022",none,120.94,102
SMX,"Jan 10, 2024","May 8, 2024",No,none,Yes,120.82,119
DKS,"Oct 30, 2023","May 13, 2024",No,none,none,120.82,196
RAYA,"Dec 19, 2022","Mar 23, 2023",No,none,Yes,120.80,94
MSTX,"Dec 7, 2016","Apr 10, 2017",No,none,Yes,120.76,124
PLRZ,"Mar 20, 2025","Sep 5, 2025",No,none,Yes,120.72,169
LLYVK,"Jun 14, 2024","Jan 15, 2025",No,none,none,120.57,215
LI,"May 9, 2022","Aug 8, 2022",No,none,none,120.40,91
HUBCZ,"Feb 22, 2024","Aug 9, 2024",No,none,Yes,120.00,169
TOUR,"Sep 18, 2024","Dec 31, 2024",No,none,none,119.97,104
DFLIW,"Oct 13, 2022","Mar 23, 2023",No,"Oct 14, 2022",Yes,119.97,161
RELY,"Oct 10, 2024","May 20, 2025",No,none,none,119.88,222
MCVT,"Jun 23, 2022","Nov 7, 2022",No,"Jul 19, 2022",Yes,119.81,137
CGTL,"Dec 3, 2024","Mar 17, 2025",No,none,Yes,119.65,104
APLMW,"Oct 19, 2023","Jan 22, 2024",No,none,Yes,119.29,95
SNOA,"May 2, 2024","Dec 17, 2024",No,none,Yes,119.28,229
LTBR,"Oct 9, 2024","Jan 28, 2025",No,"Oct 14, 2024",Yes,119.14,111
PAYO,"Aug 6, 2024","Jan 10, 2025",No,none,none,119.01,157
NEON,"Oct 31, 2023","Mar 20, 2024",No,"Nov 3, 2023",Yes,119.01,141
LTRY,"Sep 30, 2022","Jan 3, 2023",No,none,none,119.00,95
PCRX,"Sep 12, 2024","Mar 14, 2025",No,none,none,118.79,183
PSIX,"Aug 23, 2022","Mar 6, 2023",No,"Sep 23, 2022",Yes,118.75,195
FLWS,"Apr 21, 2025","Sep 5, 2025",No,none,Yes,118.65,137
QSI,"Nov 1, 2024","Apr 4, 2025",No,none,Yes,118.56,154
RR,"Nov 21, 2024","Apr 7, 2025",No,"Dec 2, 2024",Yes,118.49,137
USARW,"Mar 14, 2025","Sep 5, 2025",No,"Apr 15, 2025; Jul 21, 2025",Yes,118.46,175
SONN,"Sep 12, 2024","Feb 5, 2025",No,"Sep 24, 2024",Yes,118.41,146
TSLR,"Nov 5, 2024","Mar 19, 2025",No,"Nov 8, 2024; Nov 12, 2024; Nov 27, 2024",none,118.38,134
CAVA,"Aug 6, 2024","Feb 12, 2025",No,none,none,118.27,190
IMUX,"Jun 26, 2023","Oct 4, 2023",No,none,none,118.25,100
YYGH,"Apr 23, 2024","Jul 25, 2024",No,none,none,118.14,93
FMST,"May 8, 2025","Sep 5, 2025",No,"May 14, 2025; May 27, 2025",Yes,118.07,120
STSS,"Apr 18, 2022","Jul 19, 2022",No,none,none,118.07,92
QD,"Jun 13, 2022","Oct 17, 2022",No,"Jun 14, 2022; Jun 28, 2022",none,118.00,126
SMX,"Mar 22, 2023","Jul 14, 2023",No,none,Yes,117.95,114
PSTV,"Dec 29, 2021","Apr 5, 2022",No,none,none,117.87,97
PCLA,"Jan 21, 2025","May 23, 2025",No,"Feb 11, 2025",Yes,117.78,122
DJT,"Oct 15, 2024","Jan 28, 2025",No,none,none,117.76,105
XOS,"Nov 10, 2023","Jun 3, 2024",No,none,Yes,117.73,206
CWK,"Apr 9, 2025","Sep 5, 2025",No,none,none,117.41,149
JKS,"Sep 4, 2024","Jan 6, 2025",No,none,none,117.08,124
PSTV,"Jun 24, 2022","Nov 17, 2022",No,none,Yes,116.96,146
DOUG,"Apr 8, 2025","Aug 22, 2025",No,none,none,116.95,136
SNTG,"May 2, 2024","Oct 11, 2024",No,"May 15, 2024",none,116.94,162
CHEF,"Oct 31, 2023","Apr 17, 2024",No,none,none,116.91,169
AHR,"May 24, 2024","Jan 15, 2025",No,none,none,116.85,236
TLX,"Jan 13, 2025","May 27, 2025",No,none,none,116.70,134
STKH,"Dec 13, 2022","Apr 6, 2023",No,none,Yes,116.67,114
TSLL,"Nov 5, 2024","Mar 19, 2025",No,"Nov 8, 2024; Nov 12, 2024; Nov 27, 2024",none,116.60,134
GSM,"Jan 24, 2022","Apr 19, 2022",No,none,none,116.45,85
TMCWW,"Jun 17, 2022","Sep 21, 2022",No,none,none,116.24,96
ADN,"Apr 28, 2025","Aug 6, 2025",No,none,none,116.22,100
EVTL,"Dec 17, 2021","Mar 23, 2022",No,none,Yes,115.93,96
SKYX,"Jun 28, 2022","Oct 27, 2022",No,"Jul 1, 2022",Yes,115.83,121
LAES,"Dec 5, 2024","Mar 28, 2025",No,none,Yes,115.69,113
ABP,"Apr 9, 2025","Jul 28, 2025",No,none,Yes,115.62,110
SLRX,"Jan 19, 2023","Apr 21, 2023",No,none,none,115.53,92
BILI,"Mar 14, 2022","Jun 22, 2022",No,"Mar 15, 2022",none,115.52,100
QUBT,"Oct 16, 2024","Mar 19, 2025",No,"Oct 17, 2024; Oct 23, 2024",Yes,115.48,154
ACET,"Oct 26, 2023","Apr 9, 2024",No,"Nov 6, 2023; Jan 3, 2024",Yes,115.42,166
FOUR,"Oct 30, 2023","May 30, 2024",No,none,none,115.10,213
SMCX,"Oct 23, 2024","May 21, 2025",No,"Nov 19, 2024",Yes,114.71,210
HUBCZ,"Sep 27, 2023","Jan 31, 2024",No,none,Yes,114.68,126
KD,"Oct 13, 2022","Mar 30, 2023",No,"Nov 3, 2022",none,114.59,168
PSNYW,"Feb 7, 2024","May 31, 2024",No,none,Yes,114.37,114
DINO,"Apr 9, 2025","Sep 5, 2025",No,none,none,114.36,149
DFLIW,"Apr 19, 2024","Aug 9, 2024",No,"May 1, 2024",Yes,114.19,112
RAYA,"Dec 22, 2023","May 15, 2024",No,"Dec 26, 2023",Yes,114.04,145
GCTS,"Apr 8, 2025","Aug 13, 2025",No,none,none,113.85,127
CHSN,"Aug 10, 2023","Nov 29, 2023",No,"Aug 14, 2023; Aug 16, 2023; Aug 22, 2023",Yes,113.75,111
WW,"Jul 10, 2024","Jan 10, 2025",No,none,Yes,113.73,184
WIMI,"Feb 6, 2024","Jun 14, 2024",No,none,Yes,113.71,129
IVDA,"Jan 18, 2022","Jul 11, 2022",No,none,Yes,113.60,174
OTRK,"Jul 2, 2024","Jan 7, 2025",No,none,Yes,113.51,189
UXIN,"Feb 24, 2022","Jun 23, 2022",No,"Mar 4, 2022",Yes,113.41,119
CNM,"Oct 26, 2023","Jul 1, 2024",No,none,none,113.35,249
PSNL,"Nov 22, 2024","Mar 21, 2025",No,"Dec 11, 2024; Dec 18, 2024",none,113.35,119
CDLX,"Jun 13, 2025","Sep 5, 2025",No,none,none,113.33,84
AMLX,"May 14, 2025","Sep 5, 2025",No,"May 27, 2025; Jun 18, 2025",none,113.30,114
AVAV,"Dec 3, 2021","Jul 12, 2022",No,none,Yes,113.29,221
EXTR,"Apr 7, 2025","Sep 5, 2025",No,"Apr 9, 2025",none,113.24,151
DISTW,"Nov 6, 2023","Feb 29, 2024",No,none,Yes,113.24,115
TSVT,"Feb 10, 2025","May 22, 2025",No,"Mar 4, 2025",none,113.19,101
LSEA,"May 5, 2023","Sep 18, 2023",No,none,none,113.18,136
XMTR,"Oct 14, 2024","Mar 27, 2025",No,"Nov 1, 2024; Nov 5, 2024",none,113.11,164
NEGG,"Nov 9, 2022","Apr 14, 2023",No,none,Yes,113.10,156
MDCX,"Mar 7, 2025","Aug 19, 2025",No,"Mar 10, 2025; Apr 2, 2025; Apr 10, 2025; Apr 21, 2025; Apr 28, 2025; May 9, 2025",Yes,112.94,165
AMPY,"Dec 13, 2023","Jun 4, 2024",No,none,Yes,112.92,174
VSME,"Sep 28, 2023","Jan 4, 2024",No,none,Yes,112.81,98
RNXT,"Dec 9, 2022","Jun 6, 2023",No,"Dec 13, 2022; Dec 15, 2022; Jan 12, 2023",Yes,112.78,179
PLTR,"Jan 13, 2025","Sep 5, 2025",No,"Feb 20, 2025",Yes,112.77,235
SONM,"Dec 5, 2024","Apr 16, 2025",No,"Dec 16, 2024",none,112.67,132
MLYS,"Nov 22, 2023","Apr 10, 2024",No,"Dec 21, 2023; Jan 18, 2024",none,112.64,140
ZOOZ,"Apr 17, 2025","Sep 5, 2025",No,none,Yes,112.62,141
XTKG,"Mar 4, 2025","Sep 5, 2025",No,"Mar 5, 2025; Apr 3, 2025",Yes,112.50,185
WORX,"Apr 1, 2025","Jul 9, 2025",No,"Apr 2, 2025",none,112.44,99
NUE,"Jan 24, 2022","Jul 21, 2022",No,none,none,112.29,178
SIDU,"Aug 5, 2024","Nov 18, 2024",No,none,Yes,112.29,105
ZAPPW,"Jan 27, 2025","May 1, 2025",No,none,Yes,112.28,94
BTCS,"May 7, 2025","Sep 5, 2025",No,none,Yes,112.25,121
PMEC,"Jul 24, 2024","Oct 30, 2024",No,none,none,112.24,98
OCGN,"Oct 25, 2021","Feb 2, 2022",No,none,Yes,112.14,100
SCWO,"Dec 16, 2021","Apr 8, 2022",No,"Dec 17, 2021",Yes,112.06,113
IPA,"Jan 15, 2025","Apr 23, 2025",No,none,none,112.02,98
DOOO,"Apr 21, 2025","Sep 5, 2025",No,none,none,111.86,137
AIHS,"Jul 29, 2022","Nov 7, 2022",No,none,none,111.83,101
BKKT,"Jun 27, 2023","Oct 13, 2023",No,none,none,111.71,108
STI,"Apr 7, 2025","Sep 5, 2025",No,"Apr 8, 2025; Apr 15, 2025",Yes,111.64,151
RDZN,"Jun 21, 2024","Oct 1, 2024",No,none,Yes,111.61,102
RKT,"Oct 26, 2023","Feb 9, 2024",No,none,none,111.56,106
OP,"Sep 8, 2023","Dec 29, 2023",No,none,none,111.55,112
SMR,"Jan 18, 2024","Jun 17, 2024",No,"Feb 7, 2024; Feb 16, 2024; Mar 1, 2024; Mar 8, 2024",Yes,111.51,151
FUBO,"Dec 31, 2024","Apr 8, 2025",No,none,Yes,111.48,98
RGTI,"May 12, 2023","Oct 31, 2023",No,"May 19, 2023; May 31, 2023",Yes,111.42,172
NVCR,"Apr 22, 2024","Aug 19, 2024",No,none,none,111.41,119
INFA,"Oct 31, 2023","May 24, 2024",No,"Nov 1, 2023",none,111.25,206
PLAY,"Oct 13, 2023","May 15, 2024",No,none,none,111.13,215
GME,"Mar 14, 2022","Jun 28, 2022",No,"Mar 18, 2022; Mar 22, 2022",none,111.13,106
ACCD,"Nov 5, 2024","Apr 8, 2025",No,"Dec 18, 2024; Dec 26, 2024; Jan 7, 2025",none,111.11,154
SPAI,"Aug 29, 2024","Feb 20, 2025",No,none,Yes,111.04,175
GETY,"Jul 26, 2022","Nov 1, 2022",No,none,Yes,111.03,98
PMEC,"Dec 19, 2024","Apr 17, 2025",No,none,Yes,111.02,119
UP,"Jun 21, 2024","Oct 7, 2024",No,none,Yes,110.99,108
PLTU,"Jun 6, 2025","Sep 5, 2025",No,"Jun 27, 2025",none,110.93,91
RIVN,"Apr 27, 2023","Oct 26, 2023",No,"May 12, 2023; Jun 23, 2023",none,110.90,182
EH,"Aug 5, 2024","Jan 6, 2025",No,none,Yes,110.83,154
LMFA,"May 16, 2024","Sep 12, 2024",No,"May 21, 2024",none,110.71,119
TMC,"Dec 27, 2022","May 9, 2023",No,"Dec 29, 2022; Jan 12, 2023",none,110.53,133
TQQQ,"Oct 26, 2023","Apr 22, 2024",No,none,none,110.47,179
IMUX,"May 27, 2025","Sep 5, 2025",No,none,Yes,110.34,101
NVMI,"Oct 27, 2023","Apr 16, 2024",No,none,none,110.30,172
BLNE,"Mar 25, 2025","Jun 25, 2025",No,none,none,110.00,92
SMX,"Jul 17, 2023","Jan 9, 2024",No,none,Yes,109.94,176
SPRC,"Mar 2, 2022","Jun 24, 2022",No,"Mar 3, 2022; Mar 9, 2022",none,109.91,114
FEMY,"Apr 22, 2022","Sep 26, 2022",No,none,Yes,109.74,157
ABAT,"Nov 21, 2024","Mar 28, 2025",No,"Nov 22, 2024; Dec 2, 2024",Yes,109.69,127
APLMW,"Aug 27, 2024","Nov 27, 2024",No,none,none,109.68,92
HEES,"Sep 26, 2022","Jun 5, 2023",No,none,none,109.61,252
WORX,"Nov 15, 2024","Feb 24, 2025",No,none,Yes,109.49,101
RGTI,"Dec 28, 2022","May 11, 2023",No,"Jan 3, 2023; Jan 6, 2023",none,109.46,134
AMIX,"Jun 10, 2024","Oct 18, 2024",No,none,Yes,109.44,130
WHLR,"May 9, 2025","Sep 5, 2025",No,"May 16, 2025",Yes,109.38,119
PRZO,"Apr 3, 2024","Jul 15, 2024",No,none,Yes,109.36,103
LYFT,"Aug 8, 2024","Feb 10, 2025",No,none,none,109.05,186
SCWO,"Dec 19, 2023","Mar 27, 2024",No,"Dec 20, 2023",none,109.00,99
GRYP,"Oct 9, 2024","Feb 12, 2025",No,"Oct 16, 2024; Oct 22, 2024",Yes,108.73,126
MOB,"Feb 13, 2023","May 23, 2023",No,none,none,108.56,99
XGN,"May 2, 2024","Sep 24, 2024",No,"May 14, 2024; Jul 2, 2024; Jul 22, 2024",Yes,108.43,145
VFS,"Apr 22, 2024","Aug 19, 2024",No,none,Yes,108.42,119
INTZ,"Apr 28, 2023","Aug 10, 2023",No,none,none,108.42,104
NBIS,"Nov 18, 2024","May 20, 2025",No,"Nov 26, 2024; Dec 3, 2024; Dec 9, 2024",Yes,108.40,183
EZGO,"Apr 9, 2025","Sep 5, 2025",No,"Apr 21, 2025",Yes,108.40,149
EJH,"Dec 19, 2022","Mar 24, 2023",No,none,Yes,108.33,95
SONN,"Sep 7, 2022","Jan 31, 2023",No,none,Yes,108.33,146
DFLI,"Apr 9, 2024","Aug 8, 2024",No,"Apr 16, 2024; Apr 25, 2024",Yes,108.27,121
AOSL,"Apr 19, 2024","Oct 17, 2024",No,"May 8, 2024",none,108.24,181
BAER,"Dec 30, 2024","Apr 11, 2025",No,"Jan 6, 2025",none,108.22,102
XBP,"Mar 6, 2024","Aug 5, 2024",No,none,Yes,108.17,152
WBTN,"Jun 24, 2025","Sep 5, 2025",No,"Aug 7, 2025",none,108.12,73
HURA,"Nov 13, 2024","Mar 3, 2025",No,none,Yes,108.09,110
EME,"Apr 4, 2025","Sep 5, 2025",No,none,none,108.06,154
RGTIW,"Nov 8, 2023","May 29, 2024",No,none,Yes,108.00,203
NVDL,"Jan 3, 2024","Jun 7, 2024",No,"Feb 20, 2024",none,107.91,156
STSS,"May 5, 2023","Aug 9, 2023",No,none,Yes,107.87,96
PRFX,"Apr 9, 2025","Jul 10, 2025",No,none,none,107.74,92
GRRR,"May 23, 2023","Oct 9, 2023",No,"Jun 12, 2023",Yes,107.74,139
PRTA,"May 28, 2025","Sep 5, 2025",No,none,none,107.64,100
PLUG,"Apr 25, 2024","Aug 13, 2024",No,"May 8, 2024",none,107.63,110
TLSA,"Dec 31, 2024","Jun 6, 2025",No,"Jan 10, 2025",Yes,107.61,157
MTH,"Dec 30, 2024","Apr 3, 2025",No,none,none,107.51,94
CFLT,"May 3, 2023","Aug 30, 2023",No,none,none,107.47,119
MOGO,"Nov 1, 2024","Feb 11, 2025",No,none,none,107.45,102
BBLG,"May 10, 2024","Oct 23, 2024",No,none,Yes,107.32,166
SYTA,"May 7, 2025","Aug 21, 2025",No,none,Yes,107.18,106
NAMS,"Dec 8, 2023","Apr 25, 2024",No,"Jan 10, 2024",none,107.15,139
SMWB,"Nov 5, 2024","May 12, 2025",No,none,none,107.04,188
OCUL,"Apr 10, 2025","Sep 5, 2025",No,"May 6, 2025",none,107.03,148
GANX,"Aug 14, 2024","Jan 16, 2025",No,"Aug 21, 2024; Sep 23, 2024; Sep 26, 2024; Sep 30, 2024",Yes,107.01,155
RING,"Dec 30, 2024","Sep 5, 2025",No,none,none,107.00,249
UGRO,"Jun 27, 2025","Sep 5, 2025",No,"Jun 30, 2025; Jul 10, 2025; Jul 17, 2025",Yes,106.97,70
HYMCW,"Jul 6, 2023","Oct 12, 2023",No,"Jul 7, 2023",Yes,106.90,98
HLLY,"Jun 2, 2025","Sep 5, 2025",No,"Jul 30, 2025",none,106.82,95
CONL,"Jan 26, 2023","May 5, 2023",No,"Jan 27, 2023",none,106.80,99
ONMD,"May 22, 2024","Aug 29, 2024",No,none,Yes,106.75,99
LSH,"Jul 29, 2024","Oct 30, 2024",No,none,none,106.67,93
RDW,"Feb 24, 2022","Jun 30, 2022",No,none,none,106.59,126
WEAV,"Jul 5, 2022","Dec 12, 2022",No,"Jul 18, 2022",none,106.56,160
HRB,"Jan 24, 2022","Sep 30, 2022",No,"May 9, 2022",none,106.17,249
FLEX,"Apr 4, 2025","Sep 5, 2025",No,"Apr 9, 2025",none,106.12,154
PWM,"Nov 27, 2024","May 7, 2025",No,none,Yes,106.11,161
ADD,"Feb 15, 2024","May 21, 2024",No,none,none,106.07,96
MEI,"Apr 4, 2025","Sep 5, 2025",No,"Apr 7, 2025",none,106.02,154
RILY,"Feb 21, 2025","May 29, 2025",No,none,Yes,106.00,97
SAVA,"Jul 9, 2024","Nov 4, 2024",No,"Jul 29, 2024; Jul 31, 2024",Yes,105.85,118
ABAT,"Apr 7, 2025","Jun 12, 2025",No,none,none,105.44,66
GWAV,"Oct 3, 2024","Mar 6, 2025",No,none,Yes,105.43,154
INHD,"Oct 4, 2024","Feb 12, 2025",No,none,Yes,105.25,131
AORT,"Apr 9, 2025","Sep 5, 2025",No,none,none,105.14,149
SNBR,"Jun 7, 2023","Oct 19, 2023",No,none,none,105.13,134
FEMY,"Feb 1, 2024","Jun 3, 2024",No,"Feb 2, 2024; Feb 9, 2024",Yes,105.13,123
SRAD,"Jul 13, 2022","Nov 16, 2022",No,none,none,105.07,126
DASH,"Oct 26, 2023","May 9, 2024",No,none,none,105.06,196
SPRC,"Jul 9, 2024","Oct 15, 2024",No,none,none,105.01,98
AEI,"May 9, 2024","Sep 26, 2024",No,"May 22, 2024",Yes,105.00,140
F,"Sep 13, 2021","Apr 14, 2022",No,none,none,104.99,213
UBER,"Oct 26, 2023","Apr 16, 2024",No,none,none,104.89,173
ACB,"Aug 25, 2023","Dec 12, 2023",No,none,Yes,104.85,109
B,"Oct 30, 2023","Apr 22, 2024",No,none,none,104.84,175
TLSA,"Mar 17, 2023","Jul 19, 2023",No,"Mar 20, 2023; Mar 22, 2023; Mar 28, 2023; Mar 30, 2023",Yes,104.79,124
NEXT,"Jul 1, 2022","Nov 17, 2022",No,"Jul 14, 2022",none,104.75,139
NRXP,"Oct 11, 2021","Jan 13, 2022",No,none,Yes,104.70,94
QUBT,"Mar 15, 2022","Sep 7, 2022",No,none,Yes,104.65,176
NCNA,"Apr 8, 2025","Aug 4, 2025",No,"Apr 21, 2025",Yes,104.58,118
COHR,"Apr 24, 2025","Sep 5, 2025",No,none,none,104.53,134
UAA,"Sep 30, 2022","May 4, 2023",No,none,none,104.47,216
NMTC,"Dec 1, 2022","Mar 10, 2023",No,none,none,104.46,99
NMTC,"Dec 6, 2024","Apr 25, 2025",No,"Dec 10, 2024; Dec 12, 2024",none,104.41,140
AEIS,"Apr 7, 2025","Sep 5, 2025",No,"Apr 9, 2025",none,104.35,151
SINT,"Sep 6, 2024","Feb 24, 2025",No,none,Yes,104.18,171
AVAH,"Dec 30, 2022","Jun 7, 2023",No,"Jan 3, 2023; Jan 9, 2023",Yes,104.16,159
EVR,"Apr 7, 2025","Sep 5, 2025",No,"Apr 9, 2025",none,104.06,151
APLD,"Jan 15, 2025","May 23, 2025",No,"Jan 16, 2025",Yes,103.92,128
BZH,"Mar 16, 2023","Sep 12, 2023",No,"Apr 28, 2023",none,103.92,180
NCPL,"May 6, 2024","Nov 14, 2024",No,none,Yes,103.89,192
RLX,"Mar 8, 2022","Jun 17, 2022",No,none,Yes,103.76,101
SHLS,"Apr 22, 2025","Aug 12, 2025",No,none,none,103.63,112
SMLR,"May 23, 2024","Sep 11, 2024",No,none,Yes,103.54,111
NVNI,"May 31, 2024","Oct 24, 2024",No,"Jun 11, 2024",Yes,103.48,146
ARBE,"Dec 1, 2022","May 23, 2023",No,"Dec 15, 2022; Jan 9, 2023",Yes,103.48,173
RVSN,"Oct 19, 2022","May 4, 2023",No,"Oct 25, 2022; Nov 3, 2022; Dec 19, 2022; Dec 29, 2022; Jan 12, 2023",Yes,103.45,197
FFNW,"Nov 8, 2023","Feb 26, 2024",No,none,none,103.42,110
CHGG,"Oct 10, 2024","Mar 10, 2025",No,none,Yes,103.34,151
FLNT,"May 22, 2025","Sep 5, 2025",No,none,none,103.33,106
TRIP,"Nov 1, 2023","May 6, 2024",No,none,none,103.25,187
SSYS,"Oct 1, 2021","Feb 3, 2022",No,none,none,103.18,125
ROIV,"Dec 14, 2021","Mar 21, 2022",No,none,none,103.15,97
MNDR,"Apr 10, 2024","Jul 19, 2024",No,none,Yes,103.03,100
CAPS,"Jan 5, 2022","Mar 10, 2022",No,"Jan 6, 2022",none,102.90,64
ORGN,"Apr 7, 2025","Jul 25, 2025",No,none,none,102.87,109
PRFX,"Mar 9, 2022","Jun 21, 2022",No,none,none,102.80,104
MCHP,"Oct 11, 2021","Jan 11, 2022",No,none,none,102.56,92
BDSX,"May 15, 2025","Aug 20, 2025",No,none,Yes,102.56,97
SISI,"Mar 9, 2022","Jun 10, 2022",No,none,none,102.54,93
DELL,"Mar 13, 2023","Oct 23, 2023",No,none,none,102.50,224
GOGL,"Aug 28, 2023","Apr 22, 2024",No,none,none,102.47,238
MOBX,"Nov 22, 2024","Mar 19, 2025",No,none,Yes,102.46,117
IRD,"Apr 10, 2025","Sep 2, 2025",No,"Apr 14, 2025; Apr 16, 2025; Apr 30, 2025",none,102.31,145
HYMCW,"Feb 25, 2025","May 28, 2025",No,none,none,102.27,92
DDL,"Mar 1, 2022","Jul 6, 2022",No,none,Yes,102.22,127
SAVA,"Apr 25, 2022","Aug 30, 2022",No,"Apr 26, 2022",Yes,102.19,127
GGLL,"Apr 7, 2025","Sep 5, 2025",No,"Apr 9, 2025; Apr 17, 2025; May 7, 2025; Jun 20, 2025",none,102.08,151
GSAT,"Jul 13, 2022","Dec 7, 2022",No,"Aug 9, 2022",none,102.04,147
CMTG,"Mar 4, 2025","Jun 17, 2025",No,none,none,101.87,105
SGBX,"Jun 6, 2023","Dec 21, 2023",No,"Jun 7, 2023; Jun 21, 2023; Jul 26, 2023; Aug 2, 2023",none,101.85,198
NRGV,"Feb 15, 2022","Jul 5, 2022",No,none,Yes,101.83,140
AIRE,"Feb 6, 2024","May 28, 2024",No,none,none,101.82,112
QSG,"Jan 3, 2024","Apr 29, 2024",No,"Jan 4, 2024",Yes,101.80,117
SCLX,"Jun 7, 2024","Sep 16, 2024",No,"Jun 11, 2024",none,101.75,101
CVNA,"Dec 28, 2022","May 4, 2023",No,"Dec 29, 2022; Jan 6, 2023",Yes,101.74,127
NVDA,"Jan 5, 2024","Apr 22, 2024",No,none,none,101.63,108
YSXT,"Dec 19, 2024","Mar 31, 2025",No,none,Yes,101.61,102
NVVE,"Dec 9, 2022","May 1, 2023",No,"Dec 13, 2022; Jan 25, 2023",Yes,101.53,143
ECG,"Apr 7, 2025","Jun 27, 2025",No,none,none,101.52,81
AERT,"Nov 20, 2015","Mar 21, 2016",No,"Dec 2, 2015",none,101.45,122
APH,"Apr 7, 2025","Sep 5, 2025",No,none,none,101.40,151
COIN,"May 25, 2022","Nov 3, 2022",No,none,Yes,101.32,162
PTVE,"Oct 6, 2023","Mar 6, 2024",No,none,none,101.19,152
SBET,"Dec 6, 2024","Mar 11, 2025",No,none,none,101.17,95
ZJYL,"Nov 26, 2024","Mar 27, 2025",No,none,Yes,101.14,121
EXK,"Aug 13, 2024","Dec 11, 2024",No,"Sep 3, 2024; Sep 6, 2024",none,101.06,120
DEVS,"Nov 7, 2024","Feb 7, 2025",No,none,none,101.03,92
ANVS,"Oct 25, 2023","Mar 27, 2024",No,"Dec 1, 2023; Dec 8, 2023; Dec 22, 2023",Yes,100.98,154
RXRX,"Oct 11, 2024","May 20, 2025",No,"Nov 14, 2024",Yes,100.98,221
CAPS,"Mar 12, 2025","Jun 23, 2025",No,none,Yes,100.96,103
HEPS,"Apr 17, 2024","Aug 26, 2024",No,"Jun 13, 2024",none,100.85,131
CBLL,"Apr 8, 2025","Sep 5, 2025",No,none,Yes,100.70,150
FAAS,"Apr 17, 2025","Sep 2, 2025",No,"Apr 23, 2025",Yes,100.63,138
PSNL,"Dec 22, 2022","May 8, 2023",No,"Jan 6, 2023; Jan 18, 2023",Yes,100.47,137
JNVR,"Nov 16, 2023","Mar 5, 2024",No,"Nov 17, 2023; Nov 27, 2023; Nov 29, 2023",none,100.44,110
DFLI,"Mar 31, 2023","Jul 17, 2023",No,"Apr 12, 2023",none,100.32,108
ICUI,"Apr 26, 2024","Nov 11, 2024",No,none,none,100.16,199
STSSW,"Aug 2, 2022","Dec 8, 2022",No,none,Yes,100.04,128
BURL,"Oct 27, 2023","May 10, 2024",No,none,none,100.03,196
BSLKW,"Aug 23, 2024","Nov 27, 2024",No,none,none,100.00,96
PALI,"Apr 9, 2025","Sep 5, 2025",No,"May 6, 2025",Yes,100.00,149
PSTV,"Jun 18, 2025","Sep 5, 2025",No,none,Yes,100.00,79
TOUR,"Nov 22, 2022","Apr 28, 2023",No,"Dec 1, 2022; Dec 5, 2022; Dec 7, 2022",Yes,100.00,157
RCAT,"Sep 21, 2021","Dec 27, 2021",No,none,none,100.00,97
RCAT,"Jan 24, 2022","Jun 13, 2022",No,none,none,100.00,140
TLSA,"Apr 16, 2024","Nov 11, 2024",No,"Apr 24, 2024; Jun 11, 2024; Aug 5, 2024",Yes,100.00,209
GCI,"Jun 21, 2023","Nov 10, 2023",No,none,none,100.00,142
